Timestamp,First name,Last name,Email,Are you 21 or older?,Have you joined our Discord server?,How much music experience do you have?,What is your primary instrument? (Check all that apply),What other instruments can you play? (Check all that apply),What musical skills do you have? (Check all that apply),What genres are you most comfortable playing (Check all that apply),Are you open to playing genres outside of your normal playing style?,What portable instruments (and supporting equipment) do you have access to? (Check all that apply),"What equipment, if any, are you willing to share with your bandmates for the duration of the event?",Do you have skills in mixing music AND do you want to mix music for this event?,"Would you like to be both a performer and producer, or focus primarily on production?","If this event is short on producers, would you be open to producing for additional teams?","Finally, do you understand that many bands may not have access to recording equipment?",Are you willing to be a humble listener and/or a patient mentor regardless if you are a veteran musician or have ZERO musical background?,How open are you to showcasing your work to an audience?,Do you have reliable transportation to meet your band and attend the required in-person portions of the event?,What hours are you free during the 48-hour event? (Check all that apply),Are you committed to being a reliable bandmate for the full 48 hours of this event?,Have you purchased your event ticket?,Anything else we should know about your hopes and expectations?,Source row,Expected import status,Expected issue category,Expected matching profile
3/1/27 12:20,Uma,Gable,participant001@jamstock.test,Yes (or I will be by the date of the event on 1/1/2027),Yes,None - I can clap my hands and hum a catchy tune.,"Guitar, Vocals","Drums, Vocals","Songwriting, Recording","Rock, Hip-hop",No,DI box,DI box,Yes,performer and producer,Yes,Yes,Yes,Very open,Yes,"Friday evening, Saturday afternoon",Yes,Yes,Excited to collaborate and learn from RVA musicians. Fictional response 201.,2,eligible,none,mentor
3/1/27 12:21,Vale,Gable,participant002@jamstock.test,Yes (or I will be by the date of the event on 1/1/2027),Yes,Beginner - I know the fundamentals of my instrument.,Bass,"Keyboard, Saxophone","Improvisation, Harmony","Indie, Pop",Yes,Microphone,,No,performer,No,Yes,Yes,Open,Yes,"Saturday morning, Saturday evening",Yes,Yes,Excited to collaborate and learn from RVA musicians. Fictional response 202.,3,eligible,none,performer-producer
3/1/27 12:22,Wren,Gable,participant003@jamstock.test,Yes (or I will be by the date of the event on 1/1/2027),Yes,Intermediate - I can write some decent songs.,Drums,"Vocals, Violin","Live performance, Beat making","R&B, Jazz",Yes,Small keyboard,,No,performer,No,Yes,Yes,Somewhat open,Yes,"Saturday afternoon, Sunday morning",Yes,Yes,Excited to collaborate and learn from RVA musicians. Fictional response 203.,4,eligible,none,performer-producer
3/1/27 12:23,Xena,Gable,participant004@jamstock.test,Yes (or I will be by the date of the event on 1/1/2027),Yes,Advanced - I am very good at my primary instrument.,"Keyboard, Vocals","Saxophone, Trumpet","Arranging, Sight reading","Hip-hop, Funk",No,Guitar amp,,No,performer,No,Yes,Yes,Very open,Yes,"Saturday evening, Sunday afternoon",Yes,Yes,Excited to collaborate and learn from RVA musicians. Fictional response 204.,5,eligible,none,performer-producer
3/1/27 12:24,Yara,Gable,participant005@jamstock.test,Yes (or I will be by the date of the event on 1/1/2027),Yes,None - I can clap my hands and hum a catchy tune.,Vocals,"Violin, DJ controller","Songwriting, Recording","Pop, Soul",Yes,Portable recorder,Portable recorder,No,performer,No,Yes,Yes,Open,Yes,"Sunday morning, Sunday evening",Yes,Yes,Excited to collaborate and learn from RVA musicians. Fictional response 205.,6,eligible,none,mentor
3/1/27 12:25,Zane,Gable,participant006@jamstock.test,Yes (or I will be by the date of the event on 1/1/2027),Yes,Beginner - I know the fundamentals of my instrument.,Saxophone,"Trumpet, Cello","Improvisation, Harmony","Jazz, Electronic",Yes,DI box,,No,performer,No,Yes,Yes,Somewhat open,Yes,"Sunday afternoon, Friday evening",Yes,Yes,Excited to collaborate and learn from RVA musicians. Fictional response 206.,7,eligible,none,performer-producer
3/1/27 12:26,Ainsley,Gable,participant007@jamstock.test,Yes (or I will be by the date of the event on 1/1/2027),Yes,Intermediate - I can write some decent songs.,Violin,"DJ controller, Guitar","Live performance, Beat making","Funk, Folk",No,Microphone,,No,performer,No,Yes,Yes,Very open,Yes,"Sunday evening, Saturday morning",Yes,Yes,Excited to collaborate and learn from RVA musicians. Fictional response 207.,8,eligible,none,performer-producer
3/1/27 12:27,Bellamy,Gable,participant008@jamstock.test,Yes (or I will be by the date of the event on 1/1/2027),Yes,Advanced - I am very good at my primary instrument.,"Bass, Guitar","Cello, Bass","Arranging, Sight reading","Soul, Country",Yes,Small keyboard,,No,performer,No,Yes,Yes,Open,Yes,"Friday evening, Saturday afternoon",Yes,Yes,Excited to collaborate and learn from RVA musicians. Fictional response 208.,9,eligible,none,performer-producer
3/1/27 12:28,Cedar,Gable,participant009@jamstock.test,Yes (or I will be by the date of the event on 1/1/2027),Yes,None - I can clap my hands and hum a catchy tune.,DJ controller,"Guitar, Drums","Songwriting, Recording","Electronic, Alternative",Yes,Guitar amp,Guitar amp,No,performer,No,Yes,Yes,Somewhat open,Yes,"Saturday morning, Saturday evening",Yes,Yes,Excited to collaborate and learn from RVA musicians. Fictional response 209.,10,eligible,none,mentor
3/1/27 12:29,Delaney,Gable,participant001@jamstock.test,Yes (or I will be by the date of the event on 1/1/2027),Yes,Beginner - I know the fundamentals of my instrument.,Cello,"Bass, Keyboard","Improvisation, Harmony","Folk, Gospel",No,Portable recorder,,No,performer,No,Yes,Yes,Very open,Yes,"Saturday afternoon, Sunday morning",Yes,Yes,Excited to collaborate and learn from RVA musicians. Fictional response 210.,11,duplicate,duplicate-email,newer
3/1/27 12:30,Arden,Hartwell,participant001@jamstock.test,Yes (or I will be by the date of the event on 1/1/2027),Yes,Intermediate - I can write some decent songs.,Guitar,"Drums, Vocals","Live performance, Beat making","Country, Classical",Yes,DI box,,Yes,performer and producer,Yes,Yes,Yes,Open,Yes,"Saturday evening, Sunday afternoon",Yes,Yes,Excited to collaborate and learn from RVA musicians. Fictional response 211.,12,duplicate,duplicate-email,newer
3/1/27 12:31,Briar,Hartwell,participant001@jamstock.test,Yes (or I will be by the date of the event on 1/1/2027),Yes,Advanced - I am very good at my primary instrument.,"Drums, DJ controller","Keyboard, Saxophone","Arranging, Sight reading","Alternative, Experimental",Yes,Microphone,,No,performer,No,Yes,Yes,Somewhat open,Yes,"Sunday morning, Sunday evening",Yes,Yes,Excited to collaborate and learn from RVA musicians. Fictional response 212.,13,duplicate,duplicate-email,newer
3/1/27 12:32,Calla,Hartwell,participant001@jamstock.test,Yes (or I will be by the date of the event on 1/1/2027),Yes,None - I can clap my hands and hum a catchy tune.,Drums,"Vocals, Violin","Songwriting, Recording","Gospel, Rock",No,Small keyboard,Small keyboard,No,performer,No,Yes,Yes,Very open,Yes,"Sunday afternoon, Friday evening",Yes,Yes,Excited to collaborate and learn from RVA musicians. Fictional response 213.,14,duplicate,duplicate-email,newer
3/1/27 12:33,Dorian,Hartwell,participant001@jamstock.test,Yes (or I will be by the date of the event on 1/1/2027),Yes,Beginner - I know the fundamentals of my instrument.,Keyboard,"Saxophone, Trumpet","Improvisation, Harmony","Classical, Indie",Yes,Guitar amp,,No,performer,No,Yes,Yes,Open,Yes,"Sunday evening, Saturday morning",Yes,Yes,Excited to collaborate and learn from RVA musicians. Fictional response 214.,15,duplicate,duplicate-email,newer
3/1/27 12:34,Elara,Hartwell,participant001@jamstock.test,Yes (or I will be by the date of the event on 1/1/2027),Yes,Intermediate - I can write some decent songs.,Vocals,"Violin, DJ controller","Live performance, Beat making","Experimental, R&B",Yes,Portable recorder,,No,performer,No,Yes,Yes,Somewhat open,Yes,"Friday evening, Saturday afternoon",Yes,Yes,Excited to collaborate and learn from RVA musicians. Fictional response 215.,16,duplicate,duplicate-email,newer
3/1/27 12:35,Finley,Hartwell,participant001@jamstock.test,Yes (or I will be by the date of the event on 1/1/2027),Yes,Advanced - I am very good at my primary instrument.,"Violin, Vocals","Trumpet, Cello","Arranging, Sight reading","Rock, Hip-hop",No,DI box,,No,performer,No,Yes,Yes,Very open,Yes,"Saturday morning, Saturday evening",Yes,Yes,Excited to collaborate and learn from RVA musicians. Fictional response 216.,17,duplicate,duplicate-email,newer
3/1/27 12:36,Greer,Hartwell,participant001@jamstock.test,Yes (or I will be by the date of the event on 1/1/2027),Yes,None - I can clap my hands and hum a catchy tune.,Violin,"DJ controller, Guitar","Songwriting, Recording","Indie, Pop",Yes,Microphone,Microphone,No,performer,No,Yes,Yes,Open,Yes,"Saturday afternoon, Sunday morning",Yes,Yes,Excited to collaborate and learn from RVA musicians. Fictional response 217.,18,duplicate,duplicate-email,newer
3/1/27 12:37,Hollis,Hartwell,participant001@jamstock.test,Yes (or I will be by the date of the event on 1/1/2027),Yes,Beginner - I know the fundamentals of my instrument.,Trumpet,"Cello, Bass","Improvisation, Harmony","R&B, Jazz",Yes,Small keyboard,,No,performer,No,Yes,Yes,Somewhat open,Yes,"Saturday evening, Sunday afternoon",Yes,Yes,Excited to collaborate and learn from RVA musicians. Fictional response 218.,19,duplicate,duplicate-email,newer
3/1/27 12:38,Indigo,Hartwell,participant001@jamstock.test,Yes (or I will be by the date of the event on 1/1/2027),Yes,Intermediate - I can write some decent songs.,DJ controller,"Guitar, Drums","Live performance, Beat making","Hip-hop, Funk",No,Guitar amp,,No,performer,No,Yes,Yes,Very open,Yes,"Sunday morning, Sunday evening",Yes,Yes,Excited to collaborate and learn from RVA musicians. Fictional response 219.,20,duplicate,duplicate-email,newer
3/1/27 12:39,Jules,Hartwell,participant001@jamstock.test,Yes (or I will be by the date of the event on 1/1/2027),Yes,Advanced - I am very good at my primary instrument.,"Guitar, Vocals","Bass, Keyboard","Arranging, Sight reading","Pop, Soul",Yes,Portable recorder,,No,performer,No,Yes,Yes,Open,Yes,"Sunday afternoon, Friday evening",Yes,Yes,Excited to collaborate and learn from RVA musicians. Fictional response 220.,21,duplicate,duplicate-email,newer
3/1/27 12:40,Keaton,Hartwell,participant001@jamstock.test,Yes (or I will be by the date of the event on 1/1/2027),Yes,None - I can clap my hands and hum a catchy tune.,Guitar,"Drums, Vocals","Songwriting, Recording","Jazz, Electronic",Yes,DI box,DI box,Yes,performer and producer,Yes,Yes,Yes,Somewhat open,Yes,"Sunday evening, Saturday morning",Yes,Yes,Excited to collaborate and learn from RVA musicians. Fictional response 221.,22,duplicate,duplicate-email,newer
3/1/27 12:41,Linden,Hartwell,participant010@jamstock.test,Yes (or I will be by the date of the event on 1/1/2027),Yes,Beginner - I know the fundamentals of my instrument.,Bass,"Keyboard, Saxophone","Improvisation, Harmony","Funk, Folk",No,Microphone,,No,performer,No,Yes,Yes,Very open,Yes,"Friday evening, Saturday afternoon",Yes,Yes,Excited to collaborate and learn from RVA musicians. Fictional response 222.,23,invalid,missing-required,newer
3/1/27 12:42,Maren,Hartwell,,Yes (or I will be by the date of the event on 1/1/2027),Yes,Intermediate - I can write some decent songs.,Drums,"Vocals, Violin","Live performance, Beat making","Soul, Country",Yes,Small keyboard,,No,performer,No,Yes,Yes,Open,Yes,"Saturday morning, Saturday evening",Yes,Yes,Excited to collaborate and learn from RVA musicians. Fictional response 223.,24,invalid,missing-required,newer
3/1/27 12:43,Nico,Hartwell,participant011@jamstock.test,Yes (or I will be by the date of the event on 1/1/2027),Yes,,"Keyboard, Vocals","Saxophone, Trumpet","Arranging, Sight reading","Electronic, Alternative",Yes,Guitar amp,,No,performer,No,Yes,Yes,Somewhat open,Yes,"Saturday afternoon, Sunday morning",Yes,Yes,Excited to collaborate and learn from RVA musicians. Fictional response 224.,25,invalid,missing-required,newer
3/1/27 12:44,Opal,Hartwell,participant012@jamstock.test,Yes (or I will be by the date of the event on 1/1/2027),Yes,None - I can clap my hands and hum a catchy tune.,,"Violin, DJ controller","Songwriting, Recording","Folk, Gospel",No,Portable recorder,Portable recorder,No,performer,No,Yes,Yes,Very open,Yes,"Saturday evening, Sunday afternoon",Yes,Yes,Excited to collaborate and learn from RVA musicians. Fictional response 225.,26,invalid,missing-required,newer
3/1/27 12:45,Parker,Hartwell,participant013@jamstock.test,Yes (or I will be by the date of the event on 1/1/2027),Yes,Beginner - I know the fundamentals of my instrument.,Saxophone,,"Improvisation, Harmony","Country, Classical",Yes,DI box,,No,performer,No,Yes,Yes,Open,Yes,"Sunday morning, Sunday evening",Yes,Yes,Excited to collaborate and learn from RVA musicians. Fictional response 226.,27,invalid,missing-required,newer
3/1/27 12:46,Quincy,Hartwell,participant014@jamstock.test,Yes (or I will be by the date of the event on 1/1/2027),Yes,Intermediate - I can write some decent songs.,Violin,"DJ controller, Guitar",,"Alternative, Experimental",Yes,Microphone,,No,performer,No,Yes,Yes,Somewhat open,Yes,"Sunday afternoon, Friday evening",Yes,Yes,Excited to collaborate and learn from RVA musicians. Fictional response 227.,28,invalid,missing-required,newer
3/1/27 12:47,Remy,Hartwell,participant015@jamstock.test,Yes (or I will be by the date of the event on 1/1/2027),Yes,Advanced - I am very good at my primary instrument.,Trumpet,"Cello, Bass","Arranging, Sight reading","Gospel, Rock",No,,,No,performer,No,Yes,Yes,Very open,Yes,"Sunday evening, Saturday morning",Yes,Yes,Excited to collaborate and learn from RVA musicians. Fictional response 228.,29,invalid,missing-required,newer
3/1/27 12:48,Sage,Hartwell,participant016@jamstock.test,Yes (or I will be by the date of the event on 1/1/2027),Yes,None - I can clap my hands and hum a catchy tune.,"Bass, Guitar","Guitar, Drums","Songwriting, Recording","Classical, Indie",Yes,Guitar amp,,No,performer,No,Yes,Yes,Open,Yes,"Friday evening, Saturday afternoon",Yes,Yes,Excited to collaborate and learn from RVA musicians. Fictional response 229.,30,invalid,missing-required,newer
3/1/27 12:49,Tobin,Hartwell,participant017@jamstock.test,Yes (or I will be by the date of the event on 1/1/2027),Yes,Beginner - I know the fundamentals of my instrument.,Cello,"Bass, Keyboard","Improvisation, Harmony","Experimental, R&B",Yes,Portable recorder,,,performer,No,Yes,Yes,Somewhat open,Yes,"Saturday morning, Saturday evening",Yes,Yes,Excited to collaborate and learn from RVA musicians. Fictional response 230.,31,invalid,missing-required,newer
3/1/27 12:50,Uma,Hartwell,participant018@jamstock.test,Yes (or I will be by the date of the event on 1/1/2027),Yes,Intermediate - I can write some decent songs.,Guitar,"Drums, Vocals","Live performance, Beat making","Rock, Hip-hop",No,DI box,,Yes,performer and producer,Yes,Yes,Yes,Very open,,"Saturday afternoon, Sunday morning",Yes,Yes,Excited to collaborate and learn from RVA musicians. Fictional response 231.,32,invalid,missing-required,newer
3/1/27 12:51,Vale,Hartwell,participant019@jamstock.test,Yes (or I will be by the date of the event on 1/1/2027),Yes,Advanced - I am very good at my primary instrument.,Bass,"Keyboard, Saxophone","Arranging, Sight reading","Indie, Pop",Yes,Microphone,,No,performer,No,Yes,Yes,Open,Yes,,Yes,Yes,Excited to collaborate and learn from RVA musicians. Fictional response 232.,33,invalid,missing-required,newer
3/1/27 12:52,Wren,Hartwell,participant020@jamstock.test,Yes (or I will be by the date of the event on 1/1/2027),Yes,None - I can clap my hands and hum a catchy tune.,"Drums, DJ controller","Vocals, Violin","Songwriting, Recording","R&B, Jazz",Yes,Small keyboard,Small keyboard,No,performer,No,Yes,Yes,Somewhat open,Yes,"Sunday morning, Sunday evening",Yes,Yes,,34,invalid,missing-required,newer
3/1/27 12:53,Xena,Hartwell,participant021@jamstock.test,Yes (or I will be by the date of the event on 1/1/2027),Yes,Beginner - I know the fundamentals of my instrument.,Keyboard,"Saxophone, Trumpet","Improvisation, Harmony","Hip-hop, Funk",No,Guitar amp,,No,performer,No,Yes,Yes,Very open,Yes,"Sunday afternoon, Friday evening",Yes,Yes,Excited to collaborate and learn from RVA musicians. Fictional response 234.,35,invalid,malformed-email,newer
3/1/27 12:54,Yara,Hartwell,participant022@jamstock.test,Yes (or I will be by the date of the event on 1/1/2027),Yes,Intermediate - I can write some decent songs.,Vocals,"Violin, DJ controller","Live performance, Beat making","Pop, Soul",Yes,Portable recorder,,No,performer,No,Yes,Yes,Open,Yes,"Sunday evening, Saturday morning",Yes,Yes,Excited to collaborate and learn from RVA musicians. Fictional response 235.,36,invalid,malformed-email,newer
3/1/27 12:55,Zane,Hartwell,participant023@jamstock.test,Yes (or I will be by the date of the event on 1/1/2027),Yes,Advanced - I am very good at my primary instrument.,Saxophone,"Trumpet, Cello","Arranging, Sight reading","Jazz, Electronic",Yes,DI box,,No,performer,No,Yes,Yes,Somewhat open,Yes,"Friday evening, Saturday afternoon",Yes,Yes,Excited to collaborate and learn from RVA musicians. Fictional response 236.,37,invalid,malformed-email,newer
3/1/27 12:56,Ainsley,Hartwell,participant024@jamstock.test,Yes (or I will be by the date of the event on 1/1/2027),Yes,None - I can clap my hands and hum a catchy tune.,"Violin, Vocals","DJ controller, Guitar","Songwriting, Recording","Funk, Folk",No,Microphone,Microphone,No,performer,No,Yes,Yes,Very open,Yes,"Saturday morning, Saturday evening",Yes,Yes,Excited to collaborate and learn from RVA musicians. Fictional response 237.,38,invalid,malformed-email,newer
3/1/27 12:57,Bellamy,Hartwell,participant025@jamstock.test,Yes (or I will be by the date of the event on 1/1/2027),Yes,Beginner - I know the fundamentals of my instrument.,Trumpet,"Cello, Bass","Improvisation, Harmony","Soul, Country",Yes,Small keyboard,,No,performer,No,Yes,Yes,Open,Yes,"Saturday afternoon, Sunday morning",Yes,Yes,Excited to collaborate and learn from RVA musicians. Fictional response 238.,39,invalid,malformed-email,newer
3/1/27 12:58,Cedar,Hartwell,participant026@jamstock.test,Yes (or I will be by the date of the event on 1/1/2027),Yes,Intermediate - I can write some decent songs.,DJ controller,"Guitar, Drums","Live performance, Beat making","Electronic, Alternative",Yes,Guitar amp,,No,performer,No,Yes,Yes,Somewhat open,Yes,"Saturday evening, Sunday afternoon",Yes,Yes,Excited to collaborate and learn from RVA musicians. Fictional response 239.,40,invalid,malformed-email,newer
3/1/27 12:59,Delaney,Hartwell,participant027@jamstock.test,Yes (or I will be by the date of the event on 1/1/2027),Yes,Advanced - I am very good at my primary instrument.,Cello,"Bass, Keyboard","Arranging, Sight reading","Folk, Gospel",No,Portable recorder,,No,performer,No,Yes,Yes,Very open,Yes,"Sunday morning, Sunday evening",Yes,Yes,Excited to collaborate and learn from RVA musicians. Fictional response 240.,41,invalid,malformed-email,newer
3/1/27 13:00,Arden,Ives,participant028@jamstock.test,Yes (or I will be by the date of the event on 1/1/2027),Yes,None - I can clap my hands and hum a catchy tune.,"Guitar, Vocals","Drums, Vocals","Songwriting, Recording","Country, Classical",Yes,DI box,DI box,Yes,performer and producer,Yes,Yes,Yes,Open,Yes,"Sunday afternoon, Friday evening",Yes,Yes,Excited to collaborate and learn from RVA musicians. Fictional response 241.,42,invalid,malformed-email,newer
3/1/27 13:01,Briar,Ives,participant029@jamstock.test,Yes (or I will be by the date of the event on 1/1/2027),Yes,Beginner - I know the fundamentals of my instrument.,Bass,"Keyboard, Saxophone","Improvisation, Harmony","Alternative, Experimental",Yes,Microphone,,No,performer,No,Yes,Yes,Somewhat open,Yes,"Sunday evening, Saturday morning",Yes,Yes,Excited to collaborate and learn from RVA musicians. Fictional response 242.,43,invalid,malformed-email,newer
3/1/27 13:02,Calla,Ives,participant030@jamstock.test,Yes (or I will be by the date of the event on 1/1/2027),Yes,Intermediate - I can write some decent songs.,Drums,"Vocals, Violin","Live performance, Beat making","Gospel, Rock",No,Small keyboard,,No,performer,No,Yes,Yes,Very open,Yes,"Friday evening, Saturday afternoon",Yes,Yes,Excited to collaborate and learn from RVA musicians. Fictional response 243.,44,invalid,malformed-email,newer
3/1/27 13:03,Dorian,Ives,participant031@jamstock.test,Maybe / unknown,Yes,Advanced - I am very good at my primary instrument.,Keyboard,"Saxophone, Trumpet","Arranging, Sight reading","Classical, Indie",Yes,Guitar amp,,No,performer,No,Yes,Yes,Open,Yes,"Saturday morning, Saturday evening",Yes,Yes,Excited to collaborate and learn from RVA musicians. Fictional response 244.,45,invalid,invalid-choice,newer
3/1/27 13:04,Elara,Ives,participant032@jamstock.test,Yes (or I will be by the date of the event on 1/1/2027),Maybe / unknown,None - I can clap my hands and hum a catchy tune.,"Keyboard, Vocals","Violin, DJ controller","Songwriting, Recording","Experimental, R&B",Yes,Portable recorder,Portable recorder,No,performer,No,Yes,Yes,Somewhat open,Yes,"Saturday afternoon, Sunday morning",Yes,Yes,Excited to collaborate and learn from RVA musicians. Fictional response 245.,46,invalid,invalid-choice,newer
3/1/27 13:05,Finley,Ives,participant033@jamstock.test,Yes (or I will be by the date of the event on 1/1/2027),Yes,Maybe / unknown,Saxophone,"Trumpet, Cello","Improvisation, Harmony","Rock, Hip-hop",No,DI box,,No,performer,No,Yes,Yes,Very open,Yes,"Saturday evening, Sunday afternoon",Yes,Yes,Excited to collaborate and learn from RVA musicians. Fictional response 246.,47,invalid,invalid-choice,newer
3/1/27 13:06,Greer,Ives,participant034@jamstock.test,Yes (or I will be by the date of the event on 1/1/2027),Yes,Intermediate - I can write some decent songs.,Violin,"DJ controller, Guitar","Live performance, Beat making","Indie, Pop",Maybe / unknown,Microphone,,No,performer,No,Yes,Yes,Open,Yes,"Sunday morning, Sunday evening",Yes,Yes,Excited to collaborate and learn from RVA musicians. Fictional response 247.,48,invalid,invalid-choice,newer
3/1/27 13:07,Hollis,Ives,participant035@jamstock.test,Yes (or I will be by the date of the event on 1/1/2027),Yes,Advanced - I am very good at my primary instrument.,Trumpet,"Cello, Bass","Arranging, Sight reading","R&B, Jazz",Yes,Small keyboard,,No,Maybe / unknown,No,Yes,Yes,Somewhat open,Yes,"Sunday afternoon, Friday evening",Yes,Yes,Excited to collaborate and learn from RVA musicians. Fictional response 248.,49,invalid,invalid-choice,newer
3/1/27 13:08,Indigo,Ives,participant036@jamstock.test,Yes (or I will be by the date of the event on 1/1/2027),Yes,None - I can clap my hands and hum a catchy tune.,"Bass, Guitar","Guitar, Drums","Songwriting, Recording","Hip-hop, Funk",No,Guitar amp,Guitar amp,No,performer,No,Maybe / unknown,Yes,Very open,Yes,"Sunday evening, Saturday morning",Yes,Yes,Excited to collaborate and learn from RVA musicians. Fictional response 249.,50,invalid,invalid-choice,newer
3/1/27 13:09,Jules,Ives,participant037@jamstock.test,Yes (or I will be by the date of the event on 1/1/2027),Yes,Beginner - I know the fundamentals of my instrument.,Cello,"Bass, Keyboard","Improvisation, Harmony","Pop, Soul",Yes,Portable recorder,,No,performer,No,Yes,Maybe / unknown,Open,Yes,"Friday evening, Saturday afternoon",Yes,Yes,Excited to collaborate and learn from RVA musicians. Fictional response 250.,51,invalid,invalid-choice,newer
3/1/27 13:10,Keaton,Ives,participant038@jamstock.test,Yes (or I will be by the date of the event on 1/1/2027),Yes,Intermediate - I can write some decent songs.,Guitar,"Drums, Vocals","Live performance, Beat making","Jazz, Electronic",Yes,DI box,,Yes,performer and producer,Yes,Yes,Yes,Somewhat open,Maybe / unknown,"Saturday morning, Saturday evening",Yes,Yes,Excited to collaborate and learn from RVA musicians. Fictional response 251.,52,invalid,invalid-choice,newer
3/1/27 13:11,Linden,Ives,participant039@jamstock.test,Yes (or I will be by the date of the event on 1/1/2027),Yes,Advanced - I am very good at my primary instrument.,Bass,"Keyboard, Saxophone","Arranging, Sight reading","Funk, Folk",No,Microphone,,No,performer,No,Yes,Yes,Very open,Yes,"Saturday afternoon, Sunday morning",Maybe / unknown,Yes,Excited to collaborate and learn from RVA musicians. Fictional response 252.,53,invalid,invalid-choice,newer
3/1/27 13:12,Maren,Ives,participant040@jamstock.test,Yes (or I will be by the date of the event on 1/1/2027),Yes,None - I can clap my hands and hum a catchy tune.,"Drums, DJ controller","Vocals, Violin","Songwriting, Recording","Soul, Country",Yes,Small keyboard,Small keyboard,No,performer,No,Yes,Yes,Open,Yes,"Saturday evening, Sunday afternoon",Yes,Maybe / unknown,Excited to collaborate and learn from RVA musicians. Fictional response 253.,54,invalid,invalid-choice,newer
3/1/27 13:13,Nico,Ives,participant041@jamstock.test,No,Yes,Beginner - I know the fundamentals of my instrument.,Keyboard,"Saxophone, Trumpet","Improvisation, Harmony","Electronic, Alternative",Yes,Guitar amp,,No,performer,No,No,Yes,Somewhat open,Yes,"Sunday morning, Sunday evening",Yes,Yes,Excited to collaborate and learn from RVA musicians. Fictional response 254.,55,excluded,excluded-by-branching,newer
3/1/27 13:14,Opal,Ives,participant042@jamstock.test,No,Yes,Intermediate - I can write some decent songs.,Vocals,"Violin, DJ controller","Live performance, Beat making","Folk, Gospel",No,Portable recorder,,No,performer,No,No,Yes,Very open,Yes,"Sunday afternoon, Friday evening",Yes,Yes,Excited to collaborate and learn from RVA musicians. Fictional response 255.,56,excluded,excluded-by-branching,newer
3/1/27 13:15,Parker,Ives,participant043@jamstock.test,No,Yes,Advanced - I am very good at my primary instrument.,Saxophone,"Trumpet, Cello","Arranging, Sight reading","Country, Classical",Yes,DI box,,No,performer,No,No,Yes,Open,Yes,"Sunday evening, Saturday morning",Yes,Yes,Excited to collaborate and learn from RVA musicians. Fictional response 256.,57,excluded,excluded-by-branching,newer
3/1/27 13:16,Quincy,Ives,participant044@jamstock.test,No,Yes,None - I can clap my hands and hum a catchy tune.,"Violin, Vocals","DJ controller, Guitar","Songwriting, Recording","Alternative, Experimental",Yes,Microphone,Microphone,No,performer,No,No,Yes,Somewhat open,Yes,"Friday evening, Saturday afternoon",Yes,Yes,Excited to collaborate and learn from RVA musicians. Fictional response 257.,58,excluded,excluded-by-branching,newer
3/1/27 13:17,Remy,Ives,participant045@jamstock.test,No,Yes,Beginner - I know the fundamentals of my instrument.,Trumpet,"Cello, Bass","Improvisation, Harmony","Gospel, Rock",No,Small keyboard,,No,performer,No,No,Yes,Very open,Yes,"Saturday morning, Saturday evening",Yes,Yes,Excited to collaborate and learn from RVA musicians. Fictional response 258.,59,excluded,excluded-by-branching,newer
3/1/27 13:18,Sage,Ives,participant046@jamstock.test,No,Yes,Intermediate - I can write some decent songs.,DJ controller,"Guitar, Drums","Live performance, Beat making","Classical, Indie",Yes,Guitar amp,,No,performer,No,No,Yes,Open,Yes,"Saturday afternoon, Sunday morning",Yes,Yes,Excited to collaborate and learn from RVA musicians. Fictional response 259.,60,excluded,excluded-by-branching,newer
3/1/27 13:19,Tobin,Ives,participant047@jamstock.test,No,Yes,Advanced - I am very good at my primary instrument.,Cello,"Bass, Keyboard","Arranging, Sight reading","Experimental, R&B",Yes,Portable recorder,,No,performer,No,No,Yes,Somewhat open,Yes,"Saturday evening, Sunday afternoon",Yes,Yes,Excited to collaborate and learn from RVA musicians. Fictional response 260.,61,excluded,excluded-by-branching,newer
3/1/27 13:20,Uma,Ives,participant048@jamstock.test,No,Yes,None - I can clap my hands and hum a catchy tune.,"Guitar, Vocals","Drums, Vocals","Songwriting, Recording","Rock, Hip-hop",No,DI box,DI box,Yes,performer and producer,Yes,No,Yes,Very open,Yes,"Sunday morning, Sunday evening",Yes,Yes,Excited to collaborate and learn from RVA musicians. Fictional response 261.,62,excluded,excluded-by-branching,newer
3/1/27 13:21,Vale,Ives,participant049@jamstock.test,No,Yes,Beginner - I know the fundamentals of my instrument.,Bass,"Keyboard, Saxophone","Improvisation, Harmony","Indie, Pop",Yes,Microphone,,No,performer,No,No,Yes,Open,Yes,"Sunday afternoon, Friday evening",Yes,Yes,Excited to collaborate and learn from RVA musicians. Fictional response 262.,63,excluded,excluded-by-branching,newer
3/1/27 13:22,Wren,Ives,participant050@jamstock.test,No,Yes,Intermediate - I can write some decent songs.,Drums,"Vocals, Violin","Live performance, Beat making","R&B, Jazz",Yes,Small keyboard,,No,performer,No,No,Yes,Somewhat open,Yes,"Sunday evening, Saturday morning",Yes,Yes,Excited to collaborate and learn from RVA musicians. Fictional response 263.,64,excluded,excluded-by-branching,newer
3/1/27 13:23,Xena,Ives,participant051@jamstock.test,Yes (or I will be by the date of the event on 1/1/2027),Yes,Advanced - I am very good at my primary instrument.,Keyboard,"Kazoo, theremin, moon harp","Arranging, Sight reading","Hip-hop, Funk",No,Guitar amp,,No,performer,No,Yes,Yes,Very open,Yes,"Friday evening, Saturday afternoon",Yes,Yes,Excited to collaborate and learn from RVA musicians. Fictional response 264.,65,invalid,unknown-other-instrument,newer
3/1/27 13:24,Yara,Ives,participant052@jamstock.test,Yes (or I will be by the date of the event on 1/1/2027),Yes,None - I can clap my hands and hum a catchy tune.,"Keyboard, Vocals","Kazoo, theremin, moon harp","Songwriting, Recording","Pop, Soul",Yes,Portable recorder,Portable recorder,No,performer,No,Yes,Yes,Open,Yes,"Saturday morning, Saturday evening",Yes,Yes,Excited to collaborate and learn from RVA musicians. Fictional response 265.,66,invalid,unknown-other-instrument,newer
3/1/27 13:25,Zane,Ives,participant053@jamstock.test,Yes (or I will be by the date of the event on 1/1/2027),Yes,Beginner - I know the fundamentals of my instrument.,Saxophone,"Kazoo, theremin, moon harp","Improvisation, Harmony","Jazz, Electronic",Yes,DI box,,No,performer,No,Yes,Yes,Somewhat open,Yes,"Saturday afternoon, Sunday morning",Yes,Yes,Excited to collaborate and learn from RVA musicians. Fictional response 266.,67,invalid,unknown-other-instrument,newer
3/1/27 13:26,Ainsley,Ives,participant054@jamstock.test,Yes (or I will be by the date of the event on 1/1/2027),Yes,Intermediate - I can write some decent songs.,Violin,"Kazoo, theremin, moon harp","Live performance, Beat making","Funk, Folk",No,Microphone,,No,performer,No,Yes,Yes,Very open,Yes,"Saturday evening, Sunday afternoon",Yes,Yes,Excited to collaborate and learn from RVA musicians. Fictional response 267.,68,invalid,unknown-other-instrument,newer
3/1/27 13:27,Bellamy,Ives,participant055@jamstock.test,Yes (or I will be by the date of the event on 1/1/2027),Yes,Advanced - I am very good at my primary instrument.,Trumpet,"Kazoo, theremin, moon harp","Arranging, Sight reading","Soul, Country",Yes,Small keyboard,,No,performer,No,Yes,Yes,Open,Yes,"Sunday morning, Sunday evening",Yes,Yes,Excited to collaborate and learn from RVA musicians. Fictional response 268.,69,invalid,unknown-other-instrument,newer
3/1/27 13:28,Cedar,Ives,participant056@jamstock.test,Yes (or I will be by the date of the event on 1/1/2027),Yes,None - I can clap my hands and hum a catchy tune.,"Bass, Guitar","Kazoo, theremin, moon harp","Songwriting, Recording","Electronic, Alternative",Yes,Guitar amp,Guitar amp,No,performer,No,Yes,Yes,Somewhat open,Yes,"Sunday afternoon, Friday evening",Yes,Yes,Excited to collaborate and learn from RVA musicians. Fictional response 269.,70,invalid,unknown-other-instrument,newer
3/1/27 13:29,Delaney,Ives,participant057@jamstock.test,Yes (or I will be by the date of the event on 1/1/2027),Yes,Beginner - I know the fundamentals of my instrument.,Cello,"Kazoo, theremin, moon harp","Improvisation, Harmony","Folk, Gospel",No,Portable recorder,,No,performer,No,Yes,Yes,Very open,Yes,"Sunday evening, Saturday morning",Yes,Yes,Excited to collaborate and learn from RVA musicians. Fictional response 270.,71,invalid,unknown-other-instrument,newer
3/1/27 13:30,Arden,Juniper,participant058@jamstock.test,Yes (or I will be by the date of the event on 1/1/2027),Yes,Intermediate - I can write some decent songs.,Guitar,"Kazoo, theremin, moon harp","Live performance, Beat making","Country, Classical",Yes,DI box,,Yes,performer and producer,Yes,Yes,Yes,Open,Yes,"Friday evening, Saturday afternoon",Yes,Yes,Excited to collaborate and learn from RVA musicians. Fictional response 271.,72,invalid,unknown-other-instrument,newer
3/1/27 13:31,Briar,Juniper,participant059@jamstock.test,Yes (or I will be by the date of the event on 1/1/2027),Yes,Advanced - I am very good at my primary instrument.,Bass,"Kazoo, theremin, moon harp","Arranging, Sight reading","Alternative, Experimental",Yes,Microphone,,No,performer,No,Yes,Yes,Somewhat open,Yes,"Saturday morning, Saturday evening",Yes,Yes,Excited to collaborate and learn from RVA musicians. Fictional response 272.,73,invalid,unknown-other-instrument,newer
3/1/27 13:32,Calla,Juniper,participant060@jamstock.test,Yes (or I will be by the date of the event on 1/1/2027),Yes,None - I can clap my hands and hum a catchy tune.,"Drums, DJ controller","Kazoo, theremin, moon harp","Songwriting, Recording","Gospel, Rock",No,Small keyboard,Small keyboard,No,performer,No,Yes,Yes,Very open,Yes,"Saturday afternoon, Sunday morning",Yes,Yes,Excited to collaborate and learn from RVA musicians. Fictional response 273.,74,invalid,unknown-other-instrument,newer
3/1/27 13:33,Dorian,Juniper,participant061@jamstock.test,Yes (or I will be by the date of the event on 1/1/2027),Yes,Beginner - I know the fundamentals of my instrument.,Keyboard,"Saxophone, Trumpet","Improvisation, Harmony","Classical, Indie",Yes,Guitar amp,,No,performer,No,Yes,Yes,Open,Yes,Friday evening\nSaturday afternoon,Yes,Yes,Excited to collaborate and learn from RVA musicians. Fictional response 274.,75,invalid,checkbox-format,newer
3/1/27 13:34,Elara,Juniper,participant062@jamstock.test,Yes (or I will be by the date of the event on 1/1/2027),Yes,Intermediate - I can write some decent songs.,Vocals,"Violin, DJ controller","Live performance, Beat making","Experimental, R&B",Yes,Portable recorder,,No,performer,No,Yes,Yes,Somewhat open,Yes,Friday evening\nSaturday afternoon,Yes,Yes,Excited to collaborate and learn from RVA musicians. Fictional response 275.,76,invalid,checkbox-format,newer
3/1/27 13:35,Finley,Juniper,participant063@jamstock.test,Yes (or I will be by the date of the event on 1/1/2027),Yes,Advanced - I am very good at my primary instrument.,Saxophone,"Trumpet, Cello","Arranging, Sight reading","Rock, Hip-hop",No,DI box,,No,performer,No,Yes,Yes,Very open,Yes,Friday evening\nSaturday afternoon,Yes,Yes,Excited to collaborate and learn from RVA musicians. Fictional response 276.,77,invalid,checkbox-format,newer
3/1/27 13:36,Greer,Juniper,participant064@jamstock.test,Yes (or I will be by the date of the event on 1/1/2027),Yes,None - I can clap my hands and hum a catchy tune.,"Violin, Vocals","DJ controller, Guitar","Songwriting, Recording","Indie, Pop",Yes,Microphone,Microphone,No,performer,No,Yes,Yes,Open,Yes,Friday evening\nSaturday afternoon,Yes,Yes,Excited to collaborate and learn from RVA musicians. Fictional response 277.,78,invalid,checkbox-format,newer
3/1/27 13:37,Hollis,Juniper,participant065@jamstock.test,Yes (or I will be by the date of the event on 1/1/2027),Yes,Beginner - I know the fundamentals of my instrument.,Trumpet,"Cello, Bass","Improvisation, Harmony","R&B, Jazz",Yes,Small keyboard,,No,performer,No,Yes,Yes,Somewhat open,Yes,Friday evening\nSaturday afternoon,Yes,Yes,Excited to collaborate and learn from RVA musicians. Fictional response 278.,79,invalid,checkbox-format,newer
3/1/27 13:38,Indigo,Juniper,participant066@jamstock.test,Yes (or I will be by the date of the event on 1/1/2027),Yes,Intermediate - I can write some decent songs.,DJ controller,"Guitar, Drums","Live performance, Beat making","Hip-hop, Funk",No,Guitar amp,,No,performer,No,Yes,Yes,Very open,Yes,Friday evening\nSaturday afternoon,Yes,Yes,Excited to collaborate and learn from RVA musicians. Fictional response 279.,80,invalid,checkbox-format,newer
3/1/27 13:39,Jules,Juniper,participant067@jamstock.test,Yes (or I will be by the date of the event on 1/1/2027),Yes,Advanced - I am very good at my primary instrument.,Cello,"Bass, Keyboard","Arranging, Sight reading","Pop, Soul",Yes,Portable recorder,,No,performer,No,Yes,Yes,Open,Yes,Friday evening\nSaturday afternoon,Yes,Yes,Excited to collaborate and learn from RVA musicians. Fictional response 280.,81,invalid,checkbox-format,newer
3/1/27 13:40,Keaton,Juniper,participant068@jamstock.test,Yes (or I will be by the date of the event on 1/1/2027),Yes,None - I can clap my hands and hum a catchy tune.,"Guitar, Vocals","Drums, Vocals","Songwriting, Recording","Jazz, Electronic",Yes,DI box,DI box,Yes,performer and producer,Yes,Yes,Yes,Somewhat open,Yes,Friday evening\nSaturday afternoon,Yes,Yes,Excited to collaborate and learn from RVA musicians. Fictional response 281.,82,invalid,checkbox-format,newer
3/1/27 13:41,Linden,Juniper,participant069@jamstock.test,Yes (or I will be by the date of the event on 1/1/2027),Yes,Beginner - I know the fundamentals of my instrument.,Bass,"Keyboard, Saxophone","Improvisation, Harmony","Funk, Folk",No,,,No,producer,No,Yes,Yes,Very open,Yes,Sunday evening,Yes,Yes,Excited to collaborate and learn from RVA musicians. Fictional response 282.,83,invalid,contradictory-response,performer-producer
3/1/27 13:42,Maren,Juniper,participant070@jamstock.test,Yes (or I will be by the date of the event on 1/1/2027),Yes,Intermediate - I can write some decent songs.,Drums,"Vocals, Violin","Live performance, Beat making","Soul, Country",Yes,,,No,producer,No,Yes,Yes,Open,Yes,Sunday evening,Yes,Yes,Excited to collaborate and learn from RVA musicians. Fictional response 283.,84,invalid,contradictory-response,performer-producer
3/1/27 13:43,Nico,Juniper,participant071@jamstock.test,Yes (or I will be by the date of the event on 1/1/2027),Yes,Advanced - I am very good at my primary instrument.,Keyboard,"Saxophone, Trumpet","Arranging, Sight reading","Electronic, Alternative",Yes,,,No,producer,No,Yes,Yes,Somewhat open,Yes,Sunday evening,Yes,Yes,Excited to collaborate and learn from RVA musicians. Fictional response 284.,85,invalid,contradictory-response,performer-producer
3/1/27 13:44,Opal,Juniper,participant072@jamstock.test,Yes (or I will be by the date of the event on 1/1/2027),Yes,None - I can clap my hands and hum a catchy tune.,"Keyboard, Vocals","Violin, DJ controller","Songwriting, Recording","Folk, Gospel",No,,Portable recorder,No,producer,No,Yes,Yes,Very open,Yes,Sunday evening,Yes,Yes,Excited to collaborate and learn from RVA musicians. Fictional response 285.,86,invalid,contradictory-response,performer-producer
3/1/27 13:45,Parker,Juniper,participant073@jamstock.test,Yes (or I will be by the date of the event on 1/1/2027),Yes,Beginner - I know the fundamentals of my instrument.,Saxophone,"Trumpet, Cello","Improvisation, Harmony","Country, Classical",Yes,,,No,producer,No,Yes,Yes,Open,Yes,Sunday evening,Yes,Yes,Excited to collaborate and learn from RVA musicians. Fictional response 286.,87,invalid,contradictory-response,performer-producer
3/1/27 13:46,Quincy,Juniper,participant074@jamstock.test,Yes (or I will be by the date of the event on 1/1/2027),Yes,Intermediate - I can write some decent songs.,Violin,"DJ controller, Guitar","Live performance, Beat making","Alternative, Experimental",Yes,Microphone,,No,performer,No,Yes,Yes,Somewhat open,Yes,"Saturday afternoon, Sunday morning",Yes,Yes,Excited to collaborate and learn from RVA musicians. Fictional response 287.,88,eligible,none,performer-producer
3/1/27 13:47,Remy,Juniper,participant075@jamstock.test,Yes (or I will be by the date of the event on 1/1/2027),Yes,Advanced - I am very good at my primary instrument.,Trumpet,"Cello, Bass","Arranging, Sight reading","Gospel, Rock",No,Small keyboard,,No,performer,No,Yes,Yes,Very open,Yes,"Saturday evening, Sunday afternoon",Yes,Yes,Excited to collaborate and learn from RVA musicians. Fictional response 288.,89,eligible,none,performer-producer
3/1/27 13:48,Sage,Juniper,participant076@jamstock.test,Yes (or I will be by the date of the event on 1/1/2027),Yes,None - I can clap my hands and hum a catchy tune.,"Bass, Guitar","Guitar, Drums","Songwriting, Recording","Classical, Indie",Yes,Guitar amp,Guitar amp,No,performer,No,Yes,Yes,Open,Yes,"Sunday morning, Sunday evening",Yes,Yes,Excited to collaborate and learn from RVA musicians. Fictional response 289.,90,eligible,none,mentor
3/1/27 13:49,Tobin,Juniper,participant077@jamstock.test,Yes (or I will be by the date of the event on 1/1/2027),Yes,Beginner - I know the fundamentals of my instrument.,Cello,"Bass, Keyboard","Improvisation, Harmony","Experimental, R&B",Yes,Portable recorder,,No,performer,No,Yes,Yes,Somewhat open,Yes,"Sunday afternoon, Friday evening",Yes,Yes,Excited to collaborate and learn from RVA musicians. Fictional response 290.,91,eligible,none,performer-producer
3/1/27 13:50,Uma,Juniper,participant078@jamstock.test,Yes (or I will be by the date of the event on 1/1/2027),Yes,Intermediate - I can write some decent songs.,Guitar,"Drums, Vocals","Live performance, Beat making","Rock, Hip-hop",No,DI box,,Yes,performer and producer,Yes,Yes,Yes,Very open,Yes,"Sunday evening, Saturday morning",Yes,Yes,Excited to collaborate and learn from RVA musicians. Fictional response 291.,92,eligible,none,performer-producer
3/1/27 13:51,Vale,Juniper,participant079@jamstock.test,Yes (or I will be by the date of the event on 1/1/2027),Yes,Advanced - I am very good at my primary instrument.,Bass,"Keyboard, Saxophone","Arranging, Sight reading","Indie, Pop",Yes,Microphone,,No,performer,No,Yes,Yes,Open,Yes,"Friday evening, Saturday afternoon",Yes,Yes,Excited to collaborate and learn from RVA musicians. Fictional response 292.,93,eligible,none,performer-producer
3/1/27 13:52,Wren,Juniper,participant080@jamstock.test,Yes (or I will be by the date of the event on 1/1/2027),Yes,None - I can clap my hands and hum a catchy tune.,"Drums, DJ controller","Vocals, Violin","Songwriting, Recording","R&B, Jazz",Yes,Small keyboard,Small keyboard,No,performer,No,Yes,Yes,Somewhat open,Yes,"Saturday morning, Saturday evening",Yes,Yes,Excited to collaborate and learn from RVA musicians. Fictional response 293.,94,eligible,none,mentor
3/1/27 13:53,Xena,Juniper,participant081@jamstock.test,Yes (or I will be by the date of the event on 1/1/2027),Yes,Beginner - I know the fundamentals of my instrument.,Keyboard,"Saxophone, Trumpet","Improvisation, Harmony","Hip-hop, Funk",No,Guitar amp,,No,performer,No,Yes,Yes,Very open,Yes,"Saturday afternoon, Sunday morning",Yes,Yes,Excited to collaborate and learn from RVA musicians. Fictional response 294.,95,eligible,none,performer-producer
3/1/27 13:54,Yara,Juniper,participant082@jamstock.test,Yes (or I will be by the date of the event on 1/1/2027),Yes,Intermediate - I can write some decent songs.,Vocals,"Violin, DJ controller","Live performance, Beat making","Pop, Soul",Yes,Portable recorder,,No,performer,No,Yes,Yes,Open,Yes,"Saturday evening, Sunday afternoon",Yes,Yes,Excited to collaborate and learn from RVA musicians. Fictional response 295.,96,eligible,none,performer-producer
3/1/27 13:55,Zane,Juniper,participant083@jamstock.test,Yes (or I will be by the date of the event on 1/1/2027),Yes,Advanced - I am very good at my primary instrument.,Saxophone,"Trumpet, Cello","Arranging, Sight reading","Jazz, Electronic",Yes,DI box,,No,performer,No,Yes,Yes,Somewhat open,Yes,"Sunday morning, Sunday evening",Yes,Yes,Excited to collaborate and learn from RVA musicians. Fictional response 296.,97,eligible,none,performer-producer
3/1/27 13:56,Ainsley,Juniper,participant084@jamstock.test,Yes (or I will be by the date of the event on 1/1/2027),Yes,None - I can clap my hands and hum a catchy tune.,"Violin, Vocals","DJ controller, Guitar","Songwriting, Recording","Funk, Folk",No,Microphone,Microphone,No,performer,No,Yes,Yes,Very open,Yes,"Sunday afternoon, Friday evening",Yes,Yes,Excited to collaborate and learn from RVA musicians. Fictional response 297.,98,eligible,none,mentor
3/1/27 13:57,Bellamy,Juniper,participant085@jamstock.test,Yes (or I will be by the date of the event on 1/1/2027),Yes,Beginner - I know the fundamentals of my instrument.,Trumpet,"Cello, Bass","Improvisation, Harmony","Soul, Country",Yes,Small keyboard,,No,performer,No,Yes,Yes,Open,Yes,"Sunday evening, Saturday morning",Yes,Yes,Excited to collaborate and learn from RVA musicians. Fictional response 298.,99,eligible,none,performer-producer
3/1/27 13:58,Cedar,Juniper,participant086@jamstock.test,Yes (or I will be by the date of the event on 1/1/2027),Yes,Intermediate - I can write some decent songs.,DJ controller,"Guitar, Drums","Live performance, Beat making","Electronic, Alternative",Yes,Guitar amp,,No,performer,No,Yes,Yes,Somewhat open,Yes,"Friday evening, Saturday afternoon",Yes,Yes,Excited to collaborate and learn from RVA musicians. Fictional response 299.,100,eligible,none,performer-producer
3/1/27 13:59,Delaney,Juniper,participant087@jamstock.test,Yes (or I will be by the date of the event on 1/1/2027),Yes,Advanced - I am very good at my primary instrument.,Cello,"Bass, Keyboard","Arranging, Sight reading","Folk, Gospel",No,Portable recorder,,No,performer,No,Yes,Yes,Very open,Yes,"Saturday morning, Saturday evening",Yes,Yes,Excited to collaborate and learn from RVA musicians. Fictional response 300.,101,eligible,none,performer-producer
3/1/27 10:40,Keaton,Dunham,participant001@jamstock.test,Yes (or I will be by the date of the event on 1/1/2027),Yes,None - I can clap my hands and hum a catchy tune.,"Guitar, Vocals","Drums, Vocals","Songwriting, Recording","Rock, Hip-hop",No,DI box,DI box,Yes,performer and producer,Yes,Yes,Yes,Very open,Yes,"Friday evening, Saturday afternoon",Yes,Yes,Excited to collaborate and learn from RVA musicians. Fictional response 101.,2,eligible,none,mentor
3/1/27 10:41,Linden,Dunham,participant002@jamstock.test,Yes (or I will be by the date of the event on 1/1/2027),Yes,Beginner - I know the fundamentals of my instrument.,Bass,"Keyboard, Saxophone","Improvisation, Harmony","Indie, Pop",Yes,Microphone,,No,performer,No,Yes,Yes,Open,Yes,"Saturday morning, Saturday evening",Yes,Yes,Excited to collaborate and learn from RVA musicians. Fictional response 102.,3,eligible,none,performer-producer
3/1/27 10:42,Maren,Dunham,participant003@jamstock.test,Yes (or I will be by the date of the event on 1/1/2027),Yes,Intermediate - I can write some decent songs.,Drums,"Vocals, Violin","Live performance, Beat making","R&B, Jazz",Yes,Small keyboard,,No,performer,No,Yes,Yes,Somewhat open,Yes,"Saturday afternoon, Sunday morning",Yes,Yes,Excited to collaborate and learn from RVA musicians. Fictional response 103.,4,eligible,none,performer-producer
3/1/27 10:43,Nico,Dunham,participant004@jamstock.test,Yes (or I will be by the date of the event on 1/1/2027),Yes,Advanced - I am very good at my primary instrument.,Keyboard,"Saxophone, Trumpet","Arranging, Sight reading","Hip-hop, Funk",No,Guitar amp,,No,performer,No,Yes,Yes,Very open,Yes,"Saturday evening, Sunday afternoon",Yes,Yes,Excited to collaborate and learn from RVA musicians. Fictional response 104.,5,eligible,none,performer-producer
3/1/27 10:44,Opal,Dunham,participant005@jamstock.test,Yes (or I will be by the date of the event on 1/1/2027),Yes,None - I can clap my hands and hum a catchy tune.,"Keyboard, Vocals","Violin, DJ controller","Songwriting, Recording","Pop, Soul",Yes,Portable recorder,Portable recorder,No,performer,No,Yes,Yes,Open,Yes,"Sunday morning, Sunday evening",Yes,Yes,Excited to collaborate and learn from RVA musicians. Fictional response 105.,6,eligible,none,performer-producer
3/1/27 10:45,Parker,Dunham,participant006@jamstock.test,Yes (or I will be by the date of the event on 1/1/2027),Yes,Beginner - I know the fundamentals of my instrument.,Saxophone,"Trumpet, Cello","Improvisation, Harmony","Jazz, Electronic",Yes,DI box,,No,performer,No,Yes,Yes,Somewhat open,Yes,"Sunday afternoon, Friday evening",Yes,Yes,Excited to collaborate and learn from RVA musicians. Fictional response 106.,7,eligible,none,performer-producer
3/1/27 10:46,Quincy,Dunham,participant007@jamstock.test,Yes (or I will be by the date of the event on 1/1/2027),Yes,Intermediate - I can write some decent songs.,Violin,"DJ controller, Guitar","Live performance, Beat making","Funk, Folk",No,Microphone,,No,performer,No,Yes,Yes,Very open,Yes,"Sunday evening, Saturday morning",Yes,Yes,Excited to collaborate and learn from RVA musicians. Fictional response 107.,8,eligible,none,mentor
3/1/27 10:47,Remy,Dunham,participant008@jamstock.test,Yes (or I will be by the date of the event on 1/1/2027),Yes,Advanced - I am very good at my primary instrument.,Trumpet,"Cello, Bass","Arranging, Sight reading","Soul, Country",Yes,Small keyboard,,No,performer,No,Yes,Yes,Open,Yes,"Friday evening, Saturday afternoon",Yes,Yes,Excited to collaborate and learn from RVA musicians. Fictional response 108.,9,eligible,none,performer-producer
3/1/27 10:48,Sage,Dunham,participant009@jamstock.test,Yes (or I will be by the date of the event on 1/1/2027),Yes,None - I can clap my hands and hum a catchy tune.,"Bass, Guitar","Guitar, Drums","Songwriting, Recording","Electronic, Alternative",Yes,Guitar amp,Guitar amp,No,performer,No,Yes,Yes,Somewhat open,Yes,"Saturday morning, Saturday evening",Yes,Yes,Excited to collaborate and learn from RVA musicians. Fictional response 109.,10,eligible,none,performer-producer
3/1/27 10:49,Tobin,Dunham,participant010@jamstock.test,Yes (or I will be by the date of the event on 1/1/2027),Yes,Beginner - I know the fundamentals of my instrument.,Cello,"Bass, Keyboard","Improvisation, Harmony","Folk, Gospel",No,Portable recorder,,No,performer,No,Yes,Yes,Very open,Yes,"Saturday afternoon, Sunday morning",Yes,Yes,Excited to collaborate and learn from RVA musicians. Fictional response 110.,11,eligible,none,performer-producer
3/1/27 10:50,Uma,Dunham,participant002@jamstock.test,Yes (or I will be by the date of the event on 1/1/2027),Yes,Intermediate - I can write some decent songs.,Guitar,"Drums, Vocals","Live performance, Beat making","Country, Classical",Yes,DI box,,Yes,performer and producer,Yes,Yes,Yes,Open,Yes,"Saturday evening, Sunday afternoon",Yes,Yes,Excited to collaborate and learn from RVA musicians. Fictional response 111.,12,duplicate,duplicate-email,newer
3/1/27 10:51,Vale,Dunham,participant002@jamstock.test,Yes (or I will be by the date of the event on 1/1/2027),Yes,Advanced - I am very good at my primary instrument.,Bass,"Keyboard, Saxophone","Arranging, Sight reading","Alternative, Experimental",Yes,Microphone,,No,performer,No,Yes,Yes,Somewhat open,Yes,"Sunday morning, Sunday evening",Yes,Yes,Excited to collaborate and learn from RVA musicians. Fictional response 112.,13,duplicate,duplicate-email,newer
3/1/27 10:52,Wren,Dunham,participant002@jamstock.test,Yes (or I will be by the date of the event on 1/1/2027),Yes,None - I can clap my hands and hum a catchy tune.,"Drums, DJ controller","Vocals, Violin","Songwriting, Recording","Gospel, Rock",No,Small keyboard,Small keyboard,No,performer,No,Yes,Yes,Very open,Yes,"Sunday afternoon, Friday evening",Yes,Yes,Excited to collaborate and learn from RVA musicians. Fictional response 113.,14,duplicate,duplicate-email,newer
3/1/27 10:53,Xena,Dunham,participant011@jamstock.test,Yes (or I will be by the date of the event on 1/1/2027),Yes,Beginner - I know the fundamentals of my instrument.,Keyboard,,"Improvisation, Harmony","Classical, Indie",Yes,Guitar amp,,No,performer,No,Yes,Yes,Open,Yes,"Sunday evening, Saturday morning",Yes,Yes,Excited to collaborate and learn from RVA musicians. Fictional response 114.,15,eligible,missing-optional,performer-producer
3/1/27 10:54,Yara,Dunham,participant012@jamstock.test,Yes (or I will be by the date of the event on 1/1/2027),Yes,Intermediate - I can write some decent songs.,Vocals,"Violin, DJ controller","Live performance, Beat making","Experimental, R&B",Yes,,,No,performer,No,Yes,Yes,Somewhat open,Yes,"Friday evening, Saturday afternoon",Yes,Yes,Excited to collaborate and learn from RVA musicians. Fictional response 115.,16,eligible,missing-optional,performer-producer
3/1/27 10:55,Zane,Dunham,participant013@jamstock.test,Yes (or I will be by the date of the event on 1/1/2027),Yes,Advanced - I am very good at my primary instrument.,Saxophone,"Trumpet, Cello","Arranging, Sight reading","Rock, Hip-hop",No,DI box,,No,performer,No,Yes,Yes,Very open,Yes,"Saturday morning, Saturday evening",Yes,Yes,Excited to collaborate and learn from RVA musicians. Fictional response 116.,17,eligible,missing-optional,performer-producer
3/1/27 10:56,Ainsley,Dunham,participant014@jamstock.test,Yes (or I will be by the date of the event on 1/1/2027),Yes,None - I can clap my hands and hum a catchy tune.,"Violin, Vocals","DJ controller, Guitar","Songwriting, Recording","Indie, Pop",Yes,Microphone,Microphone,No,performer,No,Yes,Yes,Open,Yes,"Saturday afternoon, Sunday morning",Yes,Yes,,18,eligible,missing-optional,performer-producer
3/1/27 10:57,Bellamy,Dunham,participant015@jamstock.test,Yes (or I will be by the date of the event on 1/1/2027),Yes,Beginner - I know the fundamentals of my instrument.,Trumpet,"Cello, Bass","Improvisation, Harmony","R&B, Jazz",Yes,Small keyboard,,No,performer,No,Yes,Yes,Somewhat open,Yes,Friday evening\nSaturday morning,Yes,Yes,Excited to collaborate and learn from RVA musicians. Fictional response 118.,19,eligible,checkbox-format,multi-instrumentalist
3/1/27 10:58,Cedar,Dunham,participant016@jamstock.test,Yes (or I will be by the date of the event on 1/1/2027),Yes,Intermediate - I can write some decent songs.,DJ controller,"Guitar, Drums","Live performance, Beat making","Hip-hop, Funk",No,Guitar amp,,No,performer,No,Yes,Yes,Very open,Yes,Friday evening\nSaturday morning,Yes,Yes,Excited to collaborate and learn from RVA musicians. Fictional response 119.,20,eligible,checkbox-format,multi-instrumentalist
3/1/27 10:59,Delaney,Dunham,participant017@jamstock.test,Yes (or I will be by the date of the event on 1/1/2027),Yes,Advanced - I am very good at my primary instrument.,Cello,"Bass, Keyboard","Arranging, Sight reading","Pop, Soul",Yes,Portable recorder,,No,performer,No,Yes,Yes,Open,Yes,Friday evening\nSaturday morning,Yes,Yes,Excited to collaborate and learn from RVA musicians. Fictional response 120.,21,eligible,checkbox-format,multi-instrumentalist
3/1/27 11:00,Arden,Everly,participant018@jamstock.test,Yes (or I will be by the date of the event on 1/1/2027),Yes,None - I can clap my hands and hum a catchy tune.,gUiTaR,"Drums, Vocals","Songwriting, Recording","Jazz, Electronic",Yes,DI box,DI box,Yes,performer and producer,Yes,Yes,Yes,Somewhat open,Yes,"Sunday evening, Saturday morning",Yes,Yes,Excited to collaborate and learn from RVA musicians. Fictional response 121.,22,eligible,normalization-needed,newer
3/1/27 11:01,Briar,Everly,participant019@jamstock.test,Yes (or I will be by the date of the event on 1/1/2027),Yes,Beginner - I know the fundamentals of my instrument.,bass guitar,"Keyboard, Saxophone","Improvisation, Harmony","Funk, Folk",No,Microphone,,No,performer,No,Yes,Yes,Very open,Yes,"Friday evening, Saturday afternoon",Yes,Yes,Excited to collaborate and learn from RVA musicians. Fictional response 122.,23,eligible,normalization-needed,newer
3/1/27 11:02,Calla,Everly,participant020@jamstock.test,Yes (or I will be by the date of the event on 1/1/2027),Yes,Intermediate - I can write some decent songs.,Vocals ,"Vocals, Violin","Live performance, Beat making","Soul, Country",Yes,Small keyboard,,No,performer,No,Yes,Yes,Open,Yes,"Saturday morning, Saturday evening",Yes,Yes,Excited to collaborate and learn from RVA musicians. Fictional response 123.,24,eligible,normalization-needed,newer
3/1/27 11:03,Dorian,Everly,participant021@jamstock.test,Yes (or I will be by the date of the event on 1/1/2027),Yes,Advanced - I am very good at my primary instrument.,"Guitar, Vocals","Saxophone, Trumpet","Arranging, Sight reading","Electronic, Alternative",Yes,Guitar amp,,No,performer,No,Yes,Yes,Somewhat open,Yes,"Saturday afternoon, Sunday morning",Yes,Yes,[object Object] Fictional response 124.,25,eligible,malformed-optional-free-text,newer
3/1/27 11:04,Elara,Everly,participant022@jamstock.test,Yes (or I will be by the date of the event on 1/1/2027),Yes,None - I can clap my hands and hum a catchy tune.,Vocals,"Violin, DJ controller","Songwriting, Recording","Folk, Gospel",No,Portable recorder,Portable recorder,No,performer,No,Yes,Yes,Very open,Yes,"Saturday evening, Sunday afternoon",Yes,Yes,??? Fictional response 125.,26,eligible,malformed-optional-free-text,newer
3/1/27 11:05,Finley,Everly,participant023@jamstock.test,No,Yes,Beginner - I know the fundamentals of my instrument.,Saxophone,"Trumpet, Cello","Improvisation, Harmony","Country, Classical",Yes,DI box,,No,performer,No,No,Yes,Open,Yes,"Sunday morning, Sunday evening",Yes,Yes,Excited to collaborate and learn from RVA musicians. Fictional response 126.,27,excluded,excluded-by-branching,newer
3/1/27 11:06,Greer,Everly,participant024@jamstock.test,No,Yes,Intermediate - I can write some decent songs.,Violin,"DJ controller, Guitar","Live performance, Beat making","Alternative, Experimental",Yes,Microphone,,No,performer,No,No,Yes,Somewhat open,Yes,"Sunday afternoon, Friday evening",Yes,Yes,Excited to collaborate and learn from RVA musicians. Fictional response 127.,28,excluded,excluded-by-branching,newer
3/1/27 11:07,Hollis,Everly,participant025@jamstock.test,No,Yes,Advanced - I am very good at my primary instrument.,"Keyboard, Vocals","Cello, Bass","Arranging, Sight reading","Gospel, Rock",No,Small keyboard,,No,performer,No,No,Yes,Very open,Yes,"Sunday evening, Saturday morning",Yes,Yes,Excited to collaborate and learn from RVA musicians. Fictional response 128.,29,excluded,excluded-by-branching,newer
3/1/27 11:08,Indigo,Everly,participant026@jamstock.test,No,Yes,None - I can clap my hands and hum a catchy tune.,DJ controller,"Guitar, Drums","Songwriting, Recording","Classical, Indie",Yes,Guitar amp,Guitar amp,No,performer,No,No,Yes,Open,Yes,"Friday evening, Saturday afternoon",Yes,Yes,Excited to collaborate and learn from RVA musicians. Fictional response 129.,30,excluded,excluded-by-branching,newer
3/1/27 11:09,Jules,Everly,participant027@jamstock.test,No,Yes,Beginner - I know the fundamentals of my instrument.,Cello,"Bass, Keyboard","Improvisation, Harmony","Experimental, R&B",Yes,Portable recorder,,No,performer,No,No,Yes,Somewhat open,Yes,"Saturday morning, Saturday evening",Yes,Yes,Excited to collaborate and learn from RVA musicians. Fictional response 130.,31,excluded,excluded-by-branching,newer
3/1/27 11:10,Keaton,Everly,participant028@jamstock.test,Yes (or I will be by the date of the event on 1/1/2027),Yes,Intermediate - I can write some decent songs.,Guitar,"Drums, Vocals","Live performance, Beat making","Rock, Hip-hop",No,DI box,,Yes,performer and producer,Yes,Yes,Yes,Very open,Yes,"Saturday afternoon, Sunday morning",Yes,Yes,Excited to collaborate and learn from RVA musicians. Fictional response 131.,32,eligible,none,mentor
3/1/27 11:11,Linden,Everly,participant029@jamstock.test,Yes (or I will be by the date of the event on 1/1/2027),Yes,Advanced - I am very good at my primary instrument.,"Bass, Guitar","Keyboard, Saxophone","Arranging, Sight reading","Indie, Pop",Yes,Microphone,,No,performer,No,Yes,Yes,Open,Yes,"Saturday evening, Sunday afternoon",Yes,Yes,Excited to collaborate and learn from RVA musicians. Fictional response 132.,33,eligible,none,performer-producer
3/1/27 11:12,Maren,Everly,participant030@jamstock.test,Yes (or I will be by the date of the event on 1/1/2027),Yes,None - I can clap my hands and hum a catchy tune.,Drums,"Vocals, Violin","Songwriting, Recording","R&B, Jazz",Yes,Small keyboard,Small keyboard,No,performer,No,Yes,Yes,Somewhat open,Yes,"Sunday morning, Sunday evening",Yes,Yes,Excited to collaborate and learn from RVA musicians. Fictional response 133.,34,eligible,none,performer-producer
3/1/27 11:13,Nico,Everly,participant031@jamstock.test,Yes (or I will be by the date of the event on 1/1/2027),Yes,Beginner - I know the fundamentals of my instrument.,Keyboard,"Saxophone, Trumpet","Improvisation, Harmony","Hip-hop, Funk",No,Guitar amp,,No,performer,No,Yes,Yes,Very open,Yes,"Sunday afternoon, Friday evening",Yes,Yes,Excited to collaborate and learn from RVA musicians. Fictional response 134.,35,eligible,none,performer-producer
3/1/27 11:14,Opal,Everly,participant032@jamstock.test,Yes (or I will be by the date of the event on 1/1/2027),Yes,Intermediate - I can write some decent songs.,Vocals,"Violin, DJ controller","Live performance, Beat making","Pop, Soul",Yes,Portable recorder,,No,performer,No,Yes,Yes,Open,Yes,"Sunday evening, Saturday morning",Yes,Yes,Excited to collaborate and learn from RVA musicians. Fictional response 135.,36,eligible,none,performer-producer
3/1/27 11:15,Parker,Everly,participant033@jamstock.test,Yes (or I will be by the date of the event on 1/1/2027),Yes,Advanced - I am very good at my primary instrument.,"Drums, DJ controller","Trumpet, Cello","Arranging, Sight reading","Jazz, Electronic",Yes,DI box,,No,performer,No,Yes,Yes,Somewhat open,Yes,"Friday evening, Saturday afternoon",Yes,Yes,Excited to collaborate and learn from RVA musicians. Fictional response 136.,37,eligible,none,performer-producer
3/1/27 11:16,Quincy,Everly,participant034@jamstock.test,Yes (or I will be by the date of the event on 1/1/2027),Yes,None - I can clap my hands and hum a catchy tune.,Violin,"DJ controller, Guitar","Songwriting, Recording","Funk, Folk",No,Microphone,Microphone,No,performer,No,Yes,Yes,Very open,Yes,"Saturday morning, Saturday evening",Yes,Yes,Excited to collaborate and learn from RVA musicians. Fictional response 137.,38,eligible,none,mentor
3/1/27 11:17,Remy,Everly,participant035@jamstock.test,Yes (or I will be by the date of the event on 1/1/2027),Yes,Beginner - I know the fundamentals of my instrument.,Trumpet,"Cello, Bass","Improvisation, Harmony","Soul, Country",Yes,Small keyboard,,No,performer,No,Yes,Yes,Open,Yes,"Saturday afternoon, Sunday morning",Yes,Yes,Excited to collaborate and learn from RVA musicians. Fictional response 138.,39,eligible,none,performer-producer
3/1/27 11:18,Sage,Everly,participant036@jamstock.test,Yes (or I will be by the date of the event on 1/1/2027),Yes,Intermediate - I can write some decent songs.,DJ controller,"Guitar, Drums","Live performance, Beat making","Electronic, Alternative",Yes,Guitar amp,,No,performer,No,Yes,Yes,Somewhat open,Yes,"Saturday evening, Sunday afternoon",Yes,Yes,Excited to collaborate and learn from RVA musicians. Fictional response 139.,40,eligible,none,performer-producer
3/1/27 11:19,Tobin,Everly,participant037@jamstock.test,Yes (or I will be by the date of the event on 1/1/2027),Yes,Advanced - I am very good at my primary instrument.,"Violin, Vocals","Bass, Keyboard","Arranging, Sight reading","Folk, Gospel",No,Portable recorder,,No,performer,No,Yes,Yes,Very open,Yes,"Sunday morning, Sunday evening",Yes,Yes,Excited to collaborate and learn from RVA musicians. Fictional response 140.,41,eligible,none,performer-producer
3/1/27 11:20,Uma,Everly,participant038@jamstock.test,Yes (or I will be by the date of the event on 1/1/2027),Yes,None - I can clap my hands and hum a catchy tune.,Guitar,"Drums, Vocals","Songwriting, Recording","Country, Classical",Yes,DI box,DI box,Yes,performer and producer,Yes,Yes,Yes,Open,Yes,"Sunday afternoon, Friday evening",Yes,Yes,Excited to collaborate and learn from RVA musicians. Fictional response 141.,42,eligible,none,performer-producer
3/1/27 11:21,Vale,Everly,participant039@jamstock.test,Yes (or I will be by the date of the event on 1/1/2027),Yes,Beginner - I know the fundamentals of my instrument.,Bass,"Keyboard, Saxophone","Improvisation, Harmony","Alternative, Experimental",Yes,Microphone,,No,performer,No,Yes,Yes,Somewhat open,Yes,"Sunday evening, Saturday morning",Yes,Yes,Excited to collaborate and learn from RVA musicians. Fictional response 142.,43,eligible,none,performer-producer
3/1/27 11:22,Wren,Everly,participant040@jamstock.test,Yes (or I will be by the date of the event on 1/1/2027),Yes,Intermediate - I can write some decent songs.,Drums,"Vocals, Violin","Live performance, Beat making","Gospel, Rock",No,Small keyboard,,No,performer,No,Yes,Yes,Very open,Yes,"Friday evening, Saturday afternoon",Yes,Yes,Excited to collaborate and learn from RVA musicians. Fictional response 143.,44,eligible,none,mentor
3/1/27 11:23,Xena,Everly,participant041@jamstock.test,Yes (or I will be by the date of the event on 1/1/2027),Yes,Advanced - I am very good at my primary instrument.,"Guitar, Vocals","Saxophone, Trumpet","Arranging, Sight reading","Classical, Indie",Yes,Guitar amp,,No,performer,No,Yes,Yes,Open,Yes,"Saturday morning, Saturday evening",Yes,Yes,Excited to collaborate and learn from RVA musicians. Fictional response 144.,45,eligible,none,performer-producer
3/1/27 11:24,Yara,Everly,participant042@jamstock.test,Yes (or I will be by the date of the event on 1/1/2027),Yes,None - I can clap my hands and hum a catchy tune.,Vocals,"Violin, DJ controller","Songwriting, Recording","Experimental, R&B",Yes,Portable recorder,Portable recorder,No,performer,No,Yes,Yes,Somewhat open,Yes,"Saturday afternoon, Sunday morning",Yes,Yes,Excited to collaborate and learn from RVA musicians. Fictional response 145.,46,eligible,none,performer-producer
3/1/27 11:25,Zane,Everly,participant043@jamstock.test,Yes (or I will be by the date of the event on 1/1/2027),Yes,Beginner - I know the fundamentals of my instrument.,Saxophone,"Trumpet, Cello","Improvisation, Harmony","Rock, Hip-hop",No,DI box,,No,performer,No,Yes,Yes,Very open,Yes,"Saturday evening, Sunday afternoon",Yes,Yes,Excited to collaborate and learn from RVA musicians. Fictional response 146.,47,eligible,none,performer-producer
3/1/27 11:26,Ainsley,Everly,participant044@jamstock.test,Yes (or I will be by the date of the event on 1/1/2027),Yes,Intermediate - I can write some decent songs.,Violin,"DJ controller, Guitar","Live performance, Beat making","Indie, Pop",Yes,Microphone,,No,performer,No,Yes,Yes,Open,Yes,"Sunday morning, Sunday evening",Yes,Yes,Excited to collaborate and learn from RVA musicians. Fictional response 147.,48,eligible,none,performer-producer
3/1/27 11:27,Bellamy,Everly,participant045@jamstock.test,Yes (or I will be by the date of the event on 1/1/2027),Yes,Advanced - I am very good at my primary instrument.,"Keyboard, Vocals","Cello, Bass","Arranging, Sight reading","R&B, Jazz",Yes,Small keyboard,,No,performer,No,Yes,Yes,Somewhat open,Yes,"Sunday afternoon, Friday evening",Yes,Yes,Excited to collaborate and learn from RVA musicians. Fictional response 148.,49,eligible,none,performer-producer
3/1/27 11:28,Cedar,Everly,participant046@jamstock.test,Yes (or I will be by the date of the event on 1/1/2027),Yes,None - I can clap my hands and hum a catchy tune.,DJ controller,"Guitar, Drums","Songwriting, Recording","Hip-hop, Funk",No,Guitar amp,Guitar amp,No,performer,No,Yes,Yes,Very open,Yes,"Sunday evening, Saturday morning",Yes,Yes,Excited to collaborate and learn from RVA musicians. Fictional response 149.,50,eligible,none,mentor
3/1/27 11:29,Delaney,Everly,participant047@jamstock.test,Yes (or I will be by the date of the event on 1/1/2027),Yes,Beginner - I know the fundamentals of my instrument.,Cello,"Bass, Keyboard","Improvisation, Harmony","Pop, Soul",Yes,Portable recorder,,No,performer,No,Yes,Yes,Open,Yes,"Friday evening, Saturday afternoon",Yes,Yes,Excited to collaborate and learn from RVA musicians. Fictional response 150.,51,eligible,none,performer-producer
3/1/27 11:30,Arden,Fairchild,participant048@jamstock.test,Yes (or I will be by the date of the event on 1/1/2027),Yes,Intermediate - I can write some decent songs.,Guitar,"Drums, Vocals","Live performance, Beat making","Jazz, Electronic",Yes,DI box,,Yes,performer and producer,Yes,Yes,Yes,Somewhat open,Yes,"Saturday morning, Saturday evening",Yes,Yes,Excited to collaborate and learn from RVA musicians. Fictional response 151.,52,eligible,none,performer-producer
3/1/27 11:31,Briar,Fairchild,participant049@jamstock.test,Yes (or I will be by the date of the event on 1/1/2027),Yes,Advanced - I am very good at my primary instrument.,"Bass, Guitar","Keyboard, Saxophone","Arranging, Sight reading","Funk, Folk",No,Microphone,,No,performer,No,Yes,Yes,Very open,Yes,"Saturday afternoon, Sunday morning",Yes,Yes,Excited to collaborate and learn from RVA musicians. Fictional response 152.,53,eligible,none,performer-producer
3/1/27 11:32,Calla,Fairchild,participant050@jamstock.test,Yes (or I will be by the date of the event on 1/1/2027),Yes,None - I can clap my hands and hum a catchy tune.,Drums,"Vocals, Violin","Songwriting, Recording","Soul, Country",Yes,Small keyboard,Small keyboard,No,performer,No,Yes,Yes,Open,Yes,"Saturday evening, Sunday afternoon",Yes,Yes,Excited to collaborate and learn from RVA musicians. Fictional response 153.,54,eligible,none,performer-producer
3/1/27 11:33,Dorian,Fairchild,participant051@jamstock.test,Yes (or I will be by the date of the event on 1/1/2027),Yes,Beginner - I know the fundamentals of my instrument.,Keyboard,"Saxophone, Trumpet","Improvisation, Harmony","Electronic, Alternative",Yes,Guitar amp,,No,performer,No,Yes,Yes,Somewhat open,Yes,"Sunday morning, Sunday evening",Yes,Yes,Excited to collaborate and learn from RVA musicians. Fictional response 154.,55,eligible,none,performer-producer
3/1/27 11:34,Elara,Fairchild,participant052@jamstock.test,Yes (or I will be by the date of the event on 1/1/2027),Yes,Intermediate - I can write some decent songs.,Vocals,"Violin, DJ controller","Live performance, Beat making","Folk, Gospel",No,Portable recorder,,No,performer,No,Yes,Yes,Very open,Yes,"Sunday afternoon, Friday evening",Yes,Yes,Excited to collaborate and learn from RVA musicians. Fictional response 155.,56,eligible,none,mentor
3/1/27 11:35,Finley,Fairchild,participant053@jamstock.test,Yes (or I will be by the date of the event on 1/1/2027),Yes,Advanced - I am very good at my primary instrument.,"Drums, DJ controller","Trumpet, Cello","Arranging, Sight reading","Country, Classical",Yes,DI box,,No,performer,No,Yes,Yes,Open,Yes,"Sunday evening, Saturday morning",Yes,Yes,Excited to collaborate and learn from RVA musicians. Fictional response 156.,57,eligible,none,performer-producer
3/1/27 11:36,Greer,Fairchild,participant054@jamstock.test,Yes (or I will be by the date of the event on 1/1/2027),Yes,None - I can clap my hands and hum a catchy tune.,Violin,"DJ controller, Guitar","Songwriting, Recording","Alternative, Experimental",Yes,Microphone,Microphone,No,performer,No,Yes,Yes,Somewhat open,Yes,"Friday evening, Saturday afternoon",Yes,Yes,Excited to collaborate and learn from RVA musicians. Fictional response 157.,58,eligible,none,performer-producer
3/1/27 11:37,Hollis,Fairchild,participant055@jamstock.test,Yes (or I will be by the date of the event on 1/1/2027),Yes,Beginner - I know the fundamentals of my instrument.,Trumpet,"Cello, Bass","Improvisation, Harmony","Gospel, Rock",No,Small keyboard,,No,performer,No,Yes,Yes,Very open,Yes,"Saturday morning, Saturday evening",Yes,Yes,Excited to collaborate and learn from RVA musicians. Fictional response 158.,59,eligible,none,performer-producer
3/1/27 11:38,Indigo,Fairchild,participant056@jamstock.test,Yes (or I will be by the date of the event on 1/1/2027),Yes,Intermediate - I can write some decent songs.,DJ controller,"Guitar, Drums","Live performance, Beat making","Classical, Indie",Yes,Guitar amp,,No,performer,No,Yes,Yes,Open,Yes,"Saturday afternoon, Sunday morning",Yes,Yes,Excited to collaborate and learn from RVA musicians. Fictional response 159.,60,eligible,none,performer-producer
3/1/27 11:39,Jules,Fairchild,participant057@jamstock.test,Yes (or I will be by the date of the event on 1/1/2027),Yes,Advanced - I am very good at my primary instrument.,"Violin, Vocals","Bass, Keyboard","Arranging, Sight reading","Experimental, R&B",Yes,Portable recorder,,No,performer,No,Yes,Yes,Somewhat open,Yes,"Saturday evening, Sunday afternoon",Yes,Yes,Excited to collaborate and learn from RVA musicians. Fictional response 160.,61,eligible,none,performer-producer
3/1/27 11:40,Keaton,Fairchild,participant058@jamstock.test,Yes (or I will be by the date of the event on 1/1/2027),Yes,None - I can clap my hands and hum a catchy tune.,Guitar,"Drums, Vocals","Songwriting, Recording","Rock, Hip-hop",No,DI box,DI box,Yes,performer and producer,Yes,Yes,Yes,Very open,Yes,"Sunday morning, Sunday evening",Yes,Yes,Excited to collaborate and learn from RVA musicians. Fictional response 161.,62,eligible,none,mentor
3/1/27 11:41,Linden,Fairchild,participant059@jamstock.test,Yes (or I will be by the date of the event on 1/1/2027),Yes,Beginner - I know the fundamentals of my instrument.,Bass,"Keyboard, Saxophone","Improvisation, Harmony","Indie, Pop",Yes,Microphone,,No,performer,No,Yes,Yes,Open,Yes,"Sunday afternoon, Friday evening",Yes,Yes,Excited to collaborate and learn from RVA musicians. Fictional response 162.,63,eligible,none,performer-producer
3/1/27 11:42,Maren,Fairchild,participant060@jamstock.test,Yes (or I will be by the date of the event on 1/1/2027),Yes,Intermediate - I can write some decent songs.,Drums,"Vocals, Violin","Live performance, Beat making","R&B, Jazz",Yes,Small keyboard,,No,performer,No,Yes,Yes,Somewhat open,Yes,"Sunday evening, Saturday morning",Yes,Yes,Excited to collaborate and learn from RVA musicians. Fictional response 163.,64,eligible,none,performer-producer
3/1/27 11:43,Nico,Fairchild,participant061@jamstock.test,Yes (or I will be by the date of the event on 1/1/2027),Yes,Advanced - I am very good at my primary instrument.,"Guitar, Vocals","Saxophone, Trumpet","Arranging, Sight reading","Hip-hop, Funk",No,Guitar amp,,No,performer,No,Yes,Yes,Very open,Yes,"Friday evening, Saturday afternoon",Yes,Yes,Excited to collaborate and learn from RVA musicians. Fictional response 164.,65,eligible,none,performer-producer
3/1/27 11:44,Opal,Fairchild,participant062@jamstock.test,Yes (or I will be by the date of the event on 1/1/2027),Yes,None - I can clap my hands and hum a catchy tune.,Vocals,"Violin, DJ controller","Songwriting, Recording","Pop, Soul",Yes,Portable recorder,Portable recorder,No,performer,No,Yes,Yes,Open,Yes,"Saturday morning, Saturday evening",Yes,Yes,Excited to collaborate and learn from RVA musicians. Fictional response 165.,66,eligible,none,performer-producer
3/1/27 11:45,Parker,Fairchild,participant063@jamstock.test,Yes (or I will be by the date of the event on 1/1/2027),Yes,Beginner - I know the fundamentals of my instrument.,Saxophone,"Trumpet, Cello","Improvisation, Harmony","Jazz, Electronic",Yes,DI box,,No,performer,No,Yes,Yes,Somewhat open,Yes,"Saturday afternoon, Sunday morning",Yes,Yes,Excited to collaborate and learn from RVA musicians. Fictional response 166.,67,eligible,none,performer-producer
3/1/27 11:46,Quincy,Fairchild,participant064@jamstock.test,Yes (or I will be by the date of the event on 1/1/2027),Yes,Intermediate - I can write some decent songs.,Violin,"DJ controller, Guitar","Live performance, Beat making","Funk, Folk",No,Microphone,,No,performer,No,Yes,Yes,Very open,Yes,"Saturday evening, Sunday afternoon",Yes,Yes,Excited to collaborate and learn from RVA musicians. Fictional response 167.,68,eligible,none,mentor
3/1/27 11:47,Remy,Fairchild,participant065@jamstock.test,Yes (or I will be by the date of the event on 1/1/2027),Yes,Advanced - I am very good at my primary instrument.,"Keyboard, Vocals","Cello, Bass","Arranging, Sight reading","Soul, Country",Yes,Small keyboard,,No,performer,No,Yes,Yes,Open,Yes,"Sunday morning, Sunday evening",Yes,Yes,Excited to collaborate and learn from RVA musicians. Fictional response 168.,69,eligible,none,performer-producer
3/1/27 11:48,Sage,Fairchild,participant066@jamstock.test,Yes (or I will be by the date of the event on 1/1/2027),Yes,None - I can clap my hands and hum a catchy tune.,DJ controller,"Guitar, Drums","Songwriting, Recording","Electronic, Alternative",Yes,Guitar amp,Guitar amp,No,performer,No,Yes,Yes,Somewhat open,Yes,"Sunday afternoon, Friday evening",Yes,Yes,Excited to collaborate and learn from RVA musicians. Fictional response 169.,70,eligible,none,performer-producer
3/1/27 11:49,Tobin,Fairchild,participant067@jamstock.test,Yes (or I will be by the date of the event on 1/1/2027),Yes,Beginner - I know the fundamentals of my instrument.,Cello,"Bass, Keyboard","Improvisation, Harmony","Folk, Gospel",No,Portable recorder,,No,performer,No,Yes,Yes,Very open,Yes,"Sunday evening, Saturday morning",Yes,Yes,Excited to collaborate and learn from RVA musicians. Fictional response 170.,71,eligible,none,performer-producer
3/1/27 11:50,Uma,Fairchild,participant068@jamstock.test,Yes (or I will be by the date of the event on 1/1/2027),Yes,Intermediate - I can write some decent songs.,Guitar,"Drums, Vocals","Live performance, Beat making","Country, Classical",Yes,DI box,,Yes,performer and producer,Yes,Yes,Yes,Open,Yes,"Friday evening, Saturday afternoon",Yes,Yes,Excited to collaborate and learn from RVA musicians. Fictional response 171.,72,eligible,none,performer-producer
3/1/27 11:51,Vale,Fairchild,participant069@jamstock.test,Yes (or I will be by the date of the event on 1/1/2027),Yes,Advanced - I am very good at my primary instrument.,"Bass, Guitar","Keyboard, Saxophone","Arranging, Sight reading","Alternative, Experimental",Yes,Microphone,,No,performer,No,Yes,Yes,Somewhat open,Yes,"Saturday morning, Saturday evening",Yes,Yes,Excited to collaborate and learn from RVA musicians. Fictional response 172.,73,eligible,none,performer-producer
3/1/27 11:52,Wren,Fairchild,participant070@jamstock.test,Yes (or I will be by the date of the event on 1/1/2027),Yes,None - I can clap my hands and hum a catchy tune.,Drums,"Vocals, Violin","Songwriting, Recording","Gospel, Rock",No,Small keyboard,Small keyboard,No,performer,No,Yes,Yes,Very open,Yes,"Saturday afternoon, Sunday morning",Yes,Yes,Excited to collaborate and learn from RVA musicians. Fictional response 173.,74,eligible,none,mentor
3/1/27 11:53,Xena,Fairchild,participant071@jamstock.test,Yes (or I will be by the date of the event on 1/1/2027),Yes,Beginner - I know the fundamentals of my instrument.,Keyboard,"Saxophone, Trumpet","Improvisation, Harmony","Classical, Indie",Yes,Guitar amp,,No,performer,No,Yes,Yes,Open,Yes,"Saturday evening, Sunday afternoon",Yes,Yes,Excited to collaborate and learn from RVA musicians. Fictional response 174.,75,eligible,none,performer-producer
3/1/27 11:54,Yara,Fairchild,participant072@jamstock.test,Yes (or I will be by the date of the event on 1/1/2027),Yes,Intermediate - I can write some decent songs.,Vocals,"Violin, DJ controller","Live performance, Beat making","Experimental, R&B",Yes,Portable recorder,,No,performer,No,Yes,Yes,Somewhat open,Yes,"Sunday morning, Sunday evening",Yes,Yes,Excited to collaborate and learn from RVA musicians. Fictional response 175.,76,eligible,none,performer-producer
3/1/27 11:55,Zane,Fairchild,participant073@jamstock.test,Yes (or I will be by the date of the event on 1/1/2027),Yes,Advanced - I am very good at my primary instrument.,"Drums, DJ controller","Trumpet, Cello","Arranging, Sight reading","Rock, Hip-hop",No,DI box,,No,performer,No,Yes,Yes,Very open,Yes,"Sunday afternoon, Friday evening",Yes,Yes,Excited to collaborate and learn from RVA musicians. Fictional response 176.,77,eligible,none,performer-producer
3/1/27 11:56,Ainsley,Fairchild,participant074@jamstock.test,Yes (or I will be by the date of the event on 1/1/2027),Yes,None - I can clap my hands and hum a catchy tune.,Violin,"DJ controller, Guitar","Songwriting, Recording","Indie, Pop",Yes,Microphone,Microphone,No,performer,No,Yes,Yes,Open,Yes,"Sunday evening, Saturday morning",Yes,Yes,Excited to collaborate and learn from RVA musicians. Fictional response 177.,78,eligible,none,performer-producer
3/1/27 11:57,Bellamy,Fairchild,participant075@jamstock.test,Yes (or I will be by the date of the event on 1/1/2027),Yes,Beginner - I know the fundamentals of my instrument.,Trumpet,"Cello, Bass","Improvisation, Harmony","R&B, Jazz",Yes,Small keyboard,,No,performer,No,Yes,Yes,Somewhat open,Yes,"Friday evening, Saturday afternoon",Yes,Yes,Excited to collaborate and learn from RVA musicians. Fictional response 178.,79,eligible,none,performer-producer
3/1/27 11:58,Cedar,Fairchild,participant076@jamstock.test,Yes (or I will be by the date of the event on 1/1/2027),Yes,Intermediate - I can write some decent songs.,DJ controller,"Guitar, Drums","Live performance, Beat making","Hip-hop, Funk",No,Guitar amp,,No,performer,No,Yes,Yes,Very open,Yes,"Saturday morning, Saturday evening",Yes,Yes,Excited to collaborate and learn from RVA musicians. Fictional response 179.,80,eligible,none,mentor
3/1/27 11:59,Delaney,Fairchild,participant077@jamstock.test,Yes (or I will be by the date of the event on 1/1/2027),Yes,Advanced - I am very good at my primary instrument.,"Violin, Vocals","Bass, Keyboard","Arranging, Sight reading","Pop, Soul",Yes,Portable recorder,,No,performer,No,Yes,Yes,Open,Yes,"Saturday afternoon, Sunday morning",Yes,Yes,Excited to collaborate and learn from RVA musicians. Fictional response 180.,81,eligible,none,performer-producer
3/1/27 12:00,Arden,Gable,participant078@jamstock.test,Yes (or I will be by the date of the event on 1/1/2027),Yes,None - I can clap my hands and hum a catchy tune.,Guitar,"Drums, Vocals","Songwriting, Recording","Jazz, Electronic",Yes,DI box,DI box,Yes,performer and producer,Yes,Yes,Yes,Somewhat open,Yes,"Saturday evening, Sunday afternoon",Yes,Yes,Excited to collaborate and learn from RVA musicians. Fictional response 181.,82,eligible,none,performer-producer
3/1/27 12:01,Briar,Gable,participant079@jamstock.test,Yes (or I will be by the date of the event on 1/1/2027),Yes,Beginner - I know the fundamentals of my instrument.,Bass,"Keyboard, Saxophone","Improvisation, Harmony","Funk, Folk",No,Microphone,,No,performer,No,Yes,Yes,Very open,Yes,"Sunday morning, Sunday evening",Yes,Yes,Excited to collaborate and learn from RVA musicians. Fictional response 182.,83,eligible,none,performer-producer
3/1/27 12:02,Calla,Gable,participant080@jamstock.test,Yes (or I will be by the date of the event on 1/1/2027),Yes,Intermediate - I can write some decent songs.,Drums,"Vocals, Violin","Live performance, Beat making","Soul, Country",Yes,Small keyboard,,No,performer,No,Yes,Yes,Open,Yes,"Sunday afternoon, Friday evening",Yes,Yes,Excited to collaborate and learn from RVA musicians. Fictional response 183.,84,eligible,none,performer-producer
3/1/27 12:03,Dorian,Gable,participant081@jamstock.test,Yes (or I will be by the date of the event on 1/1/2027),Yes,Advanced - I am very good at my primary instrument.,"Guitar, Vocals","Saxophone, Trumpet","Arranging, Sight reading","Electronic, Alternative",Yes,Guitar amp,,No,performer,No,Yes,Yes,Somewhat open,Yes,"Sunday evening, Saturday morning",Yes,Yes,Excited to collaborate and learn from RVA musicians. Fictional response 184.,85,eligible,none,performer-producer
3/1/27 12:04,Elara,Gable,participant082@jamstock.test,Yes (or I will be by the date of the event on 1/1/2027),Yes,None - I can clap my hands and hum a catchy tune.,Vocals,"Violin, DJ controller","Songwriting, Recording","Folk, Gospel",No,Portable recorder,Portable recorder,No,performer,No,Yes,Yes,Very open,Yes,"Friday evening, Saturday afternoon",Yes,Yes,Excited to collaborate and learn from RVA musicians. Fictional response 185.,86,eligible,none,mentor
3/1/27 12:05,Finley,Gable,participant083@jamstock.test,Yes (or I will be by the date of the event on 1/1/2027),Yes,Beginner - I know the fundamentals of my instrument.,Saxophone,"Trumpet, Cello","Improvisation, Harmony","Country, Classical",Yes,DI box,,No,performer,No,Yes,Yes,Open,Yes,"Saturday morning, Saturday evening",Yes,Yes,Excited to collaborate and learn from RVA musicians. Fictional response 186.,87,eligible,none,performer-producer
3/1/27 12:06,Greer,Gable,participant084@jamstock.test,Yes (or I will be by the date of the event on 1/1/2027),Yes,Intermediate - I can write some decent songs.,Violin,"DJ controller, Guitar","Live performance, Beat making","Alternative, Experimental",Yes,Microphone,,No,performer,No,Yes,Yes,Somewhat open,Yes,"Saturday afternoon, Sunday morning",Yes,Yes,Excited to collaborate and learn from RVA musicians. Fictional response 187.,88,eligible,none,performer-producer
3/1/27 12:07,Hollis,Gable,participant085@jamstock.test,Yes (or I will be by the date of the event on 1/1/2027),Yes,Advanced - I am very good at my primary instrument.,"Keyboard, Vocals","Cello, Bass","Arranging, Sight reading","Gospel, Rock",No,Small keyboard,,No,performer,No,Yes,Yes,Very open,Yes,"Saturday evening, Sunday afternoon",Yes,Yes,Excited to collaborate and learn from RVA musicians. Fictional response 188.,89,eligible,none,performer-producer
3/1/27 12:08,Indigo,Gable,participant086@jamstock.test,Yes (or I will be by the date of the event on 1/1/2027),Yes,None - I can clap my hands and hum a catchy tune.,DJ controller,"Guitar, Drums","Songwriting, Recording","Classical, Indie",Yes,Guitar amp,Guitar amp,No,performer,No,Yes,Yes,Open,Yes,"Sunday morning, Sunday evening",Yes,Yes,Excited to collaborate and learn from RVA musicians. Fictional response 189.,90,eligible,none,performer-producer
3/1/27 12:09,Jules,Gable,participant087@jamstock.test,Yes (or I will be by the date of the event on 1/1/2027),Yes,Beginner - I know the fundamentals of my instrument.,Cello,"Bass, Keyboard","Improvisation, Harmony","Experimental, R&B",Yes,Portable recorder,,No,performer,No,Yes,Yes,Somewhat open,Yes,"Sunday afternoon, Friday evening",Yes,Yes,Excited to collaborate and learn from RVA musicians. Fictional response 190.,91,eligible,none,performer-producer
3/1/27 12:10,Keaton,Gable,participant088@jamstock.test,Yes (or I will be by the date of the event on 1/1/2027),Yes,Intermediate - I can write some decent songs.,Guitar,"Drums, Vocals","Live performance, Beat making","Rock, Hip-hop",No,DI box,,Yes,performer and producer,Yes,Yes,Yes,Very open,Yes,"Sunday evening, Saturday morning",Yes,Yes,Excited to collaborate and learn from RVA musicians. Fictional response 191.,92,eligible,none,mentor
3/1/27 12:11,Linden,Gable,participant089@jamstock.test,Yes (or I will be by the date of the event on 1/1/2027),Yes,Advanced - I am very good at my primary instrument.,"Bass, Guitar","Keyboard, Saxophone","Arranging, Sight reading","Indie, Pop",Yes,Microphone,,No,performer,No,Yes,Yes,Open,Yes,"Friday evening, Saturday afternoon",Yes,Yes,Excited to collaborate and learn from RVA musicians. Fictional response 192.,93,eligible,none,performer-producer
3/1/27 12:12,Maren,Gable,participant090@jamstock.test,Yes (or I will be by the date of the event on 1/1/2027),Yes,None - I can clap my hands and hum a catchy tune.,Drums,"Vocals, Violin","Songwriting, Recording","R&B, Jazz",Yes,Small keyboard,Small keyboard,No,performer,No,Yes,Yes,Somewhat open,Yes,"Saturday morning, Saturday evening",Yes,Yes,Excited to collaborate and learn from RVA musicians. Fictional response 193.,94,eligible,none,performer-producer
3/1/27 12:13,Nico,Gable,participant091@jamstock.test,Yes (or I will be by the date of the event on 1/1/2027),Yes,Beginner - I know the fundamentals of my instrument.,Keyboard,"Saxophone, Trumpet","Improvisation, Harmony","Hip-hop, Funk",No,Guitar amp,,No,performer,No,Yes,Yes,Very open,Yes,"Saturday afternoon, Sunday morning",Yes,Yes,Excited to collaborate and learn from RVA musicians. Fictional response 194.,95,eligible,none,performer-producer
3/1/27 12:14,Opal,Gable,participant092@jamstock.test,Yes (or I will be by the date of the event on 1/1/2027),Yes,Intermediate - I can write some decent songs.,Vocals,"Violin, DJ controller","Live performance, Beat making","Pop, Soul",Yes,Portable recorder,,No,performer,No,Yes,Yes,Open,Yes,"Saturday evening, Sunday afternoon",Yes,Yes,Excited to collaborate and learn from RVA musicians. Fictional response 195.,96,eligible,none,performer-producer
3/1/27 12:15,Parker,Gable,participant093@jamstock.test,Yes (or I will be by the date of the event on 1/1/2027),Yes,Advanced - I am very good at my primary instrument.,"Drums, DJ controller","Trumpet, Cello","Arranging, Sight reading","Jazz, Electronic",Yes,DI box,,No,performer,No,Yes,Yes,Somewhat open,Yes,"Sunday morning, Sunday evening",Yes,Yes,Excited to collaborate and learn from RVA musicians. Fictional response 196.,97,eligible,none,performer-producer
3/1/27 12:16,Quincy,Gable,participant094@jamstock.test,Yes (or I will be by the date of the event on 1/1/2027),Yes,None - I can clap my hands and hum a catchy tune.,Violin,"DJ controller, Guitar","Songwriting, Recording","Funk, Folk",No,Microphone,Microphone,No,performer,No,Yes,Yes,Very open,Yes,"Sunday afternoon, Friday evening",Yes,Yes,Excited to collaborate and learn from RVA musicians. Fictional response 197.,98,eligible,none,mentor
3/1/27 12:17,Remy,Gable,participant095@jamstock.test,Yes (or I will be by the date of the event on 1/1/2027),Yes,Beginner - I know the fundamentals of my instrument.,Trumpet,"Cello, Bass","Improvisation, Harmony","Soul, Country",Yes,Small keyboard,,No,performer,No,Yes,Yes,Open,Yes,"Sunday evening, Saturday morning",Yes,Yes,Excited to collaborate and learn from RVA musicians. Fictional response 198.,99,eligible,none,performer-producer
3/1/27 12:18,Sage,Gable,participant096@jamstock.test,Yes (or I will be by the date of the event on 1/1/2027),Yes,Intermediate - I can write some decent songs.,DJ controller,"Guitar, Drums","Live performance, Beat making","Electronic, Alternative",Yes,Guitar amp,,No,performer,No,Yes,Yes,Somewhat open,Yes,"Friday evening, Saturday afternoon",Yes,Yes,Excited to collaborate and learn from RVA musicians. Fictional response 199.,100,eligible,none,performer-producer
3/1/27 12:19,Tobin,Gable,participant097@jamstock.test,Yes (or I will be by the date of the event on 1/1/2027),Yes,Advanced - I am very good at my primary instrument.,Cello,"Bass, Keyboard","Arranging, Sight reading","Folk, Gospel",No,Portable recorder,,No,performer,No,Yes,Yes,Very open,Yes,"Saturday morning, Saturday evening",Yes,Yes,Excited to collaborate and learn from RVA musicians. Fictional response 200.,101,eligible,none,performer-producer
3/1/27 9:00,Arden,Ashby,participant001@jamstock.test,Yes (or I will be by the date of the event on 1/1/2027),Yes,None - I can clap my hands and hum a catchy tune.,"Guitar, Vocals","Drums, Vocals","Songwriting, Recording","Rock, Hip-hop",No,DI box,DI box,Yes,performer and producer,Yes,Yes,Yes,Very open,Yes,"Friday evening, Saturday afternoon",Yes,Yes,Excited to collaborate and learn from RVA musicians. Fictional response 001.,2,eligible,none,performer-producer
3/1/27 9:01,Briar,Ashby,participant002@jamstock.test,Yes (or I will be by the date of the event on 1/1/2027),Yes,Beginner - I know the fundamentals of my instrument.,Bass,"Keyboard, Saxophone","Improvisation, Harmony","Indie, Pop",Yes,Microphone,,No,performer,No,Yes,Yes,Open,Yes,"Saturday morning, Saturday evening",Yes,Yes,Excited to collaborate and learn from RVA musicians. Fictional response 002.,3,eligible,none,newer
3/1/27 9:02,Calla,Ashby,participant003@jamstock.test,Yes (or I will be by the date of the event on 1/1/2027),Yes,Intermediate - I can write some decent songs.,Drums,"Vocals, Violin","Live performance, Beat making","R&B, Jazz",Yes,Small keyboard,,No,performer,No,Yes,Yes,Somewhat open,Yes,"Saturday afternoon, Sunday morning",Yes,Yes,Excited to collaborate and learn from RVA musicians. Fictional response 003.,4,eligible,none,newer
3/1/27 9:03,Dorian,Ashby,participant004@jamstock.test,Yes (or I will be by the date of the event on 1/1/2027),Yes,Advanced - I am very good at my primary instrument.,Keyboard,"Saxophone, Trumpet","Arranging, Sight reading","Hip-hop, Funk",No,Guitar amp,,No,performer,No,Yes,Yes,Very open,Yes,"Saturday evening, Sunday afternoon",Yes,Yes,Excited to collaborate and learn from RVA musicians. Fictional response 004.,5,eligible,none,newer
3/1/27 9:04,Elara,Ashby,participant005@jamstock.test,Yes (or I will be by the date of the event on 1/1/2027),Yes,None - I can clap my hands and hum a catchy tune.,"Keyboard, Vocals","Violin, DJ controller","Songwriting, Recording","Pop, Soul",Yes,Portable recorder,Portable recorder,No,performer,No,Yes,Yes,Open,Yes,"Sunday morning, Sunday evening",Yes,Yes,Excited to collaborate and learn from RVA musicians. Fictional response 005.,6,eligible,none,multi-instrumentalist
3/1/27 9:05,Finley,Ashby,participant006@jamstock.test,Yes (or I will be by the date of the event on 1/1/2027),Yes,Beginner - I know the fundamentals of my instrument.,Saxophone,"Trumpet, Cello","Improvisation, Harmony","Jazz, Electronic",Yes,DI box,,No,performer,No,Yes,Yes,Somewhat open,Yes,"Sunday afternoon, Friday evening",Yes,Yes,Excited to collaborate and learn from RVA musicians. Fictional response 006.,7,eligible,none,mentor
3/1/27 9:06,Greer,Ashby,participant007@jamstock.test,Yes (or I will be by the date of the event on 1/1/2027),Yes,Intermediate - I can write some decent songs.,Violin,"DJ controller, Guitar","Live performance, Beat making","Funk, Folk",No,Microphone,,No,performer,No,Yes,Yes,Very open,Yes,"Sunday evening, Saturday morning",Yes,Yes,Excited to collaborate and learn from RVA musicians. Fictional response 007.,8,eligible,none,newer
3/1/27 9:07,Hollis,Ashby,participant008@jamstock.test,Yes (or I will be by the date of the event on 1/1/2027),Yes,Advanced - I am very good at my primary instrument.,Trumpet,"Cello, Bass","Arranging, Sight reading","Soul, Country",Yes,Small keyboard,,No,performer,No,Yes,Yes,Open,Yes,"Friday evening, Saturday afternoon",Yes,Yes,Excited to collaborate and learn from RVA musicians. Fictional response 008.,9,eligible,none,producer-only
3/1/27 9:08,Indigo,Ashby,participant009@jamstock.test,Yes (or I will be by the date of the event on 1/1/2027),Yes,None - I can clap my hands and hum a catchy tune.,"Bass, Guitar","Guitar, Drums","Songwriting, Recording","Electronic, Alternative",Yes,Guitar amp,Guitar amp,No,performer,No,Yes,Yes,Somewhat open,Yes,"Saturday morning, Saturday evening",Yes,Yes,Excited to collaborate and learn from RVA musicians. Fictional response 009.,10,eligible,none,multi-instrumentalist
3/1/27 9:09,Jules,Ashby,participant010@jamstock.test,Yes (or I will be by the date of the event on 1/1/2027),Yes,Beginner - I know the fundamentals of my instrument.,Cello,"Bass, Keyboard","Improvisation, Harmony","Folk, Gospel",No,Portable recorder,,No,performer,No,Yes,Yes,Very open,Yes,"Saturday afternoon, Sunday morning",Yes,Yes,Excited to collaborate and learn from RVA musicians. Fictional response 010.,11,eligible,none,newer
3/1/27 9:10,Keaton,Ashby,participant011@jamstock.test,Yes (or I will be by the date of the event on 1/1/2027),Yes,Intermediate - I can write some decent songs.,Guitar,"Drums, Vocals","Live performance, Beat making","Country, Classical",Yes,DI box,,Yes,performer and producer,Yes,Yes,Yes,Open,Yes,"Saturday evening, Sunday afternoon",Yes,Yes,Excited to collaborate and learn from RVA musicians. Fictional response 011.,12,eligible,none,performer-producer
3/1/27 9:11,Linden,Ashby,participant012@jamstock.test,Yes (or I will be by the date of the event on 1/1/2027),Yes,Advanced - I am very good at my primary instrument.,Bass,"Keyboard, Saxophone","Arranging, Sight reading","Alternative, Experimental",Yes,Microphone,,No,performer,No,Yes,Yes,Somewhat open,Yes,"Sunday morning, Sunday evening",Yes,Yes,Excited to collaborate and learn from RVA musicians. Fictional response 012.,13,eligible,none,newer
3/1/27 9:12,Maren,Ashby,participant013@jamstock.test,Yes (or I will be by the date of the event on 1/1/2027),Yes,None - I can clap my hands and hum a catchy tune.,"Drums, DJ controller","Vocals, Violin","Songwriting, Recording","Gospel, Rock",No,Small keyboard,Small keyboard,No,performer,No,Yes,Yes,Very open,Yes,"Sunday afternoon, Friday evening",Yes,Yes,Excited to collaborate and learn from RVA musicians. Fictional response 013.,14,eligible,none,multi-instrumentalist
3/1/27 9:13,Nico,Ashby,participant014@jamstock.test,Yes (or I will be by the date of the event on 1/1/2027),Yes,Beginner - I know the fundamentals of my instrument.,Keyboard,"Saxophone, Trumpet","Improvisation, Harmony","Classical, Indie",Yes,Guitar amp,,No,performer,No,Yes,Yes,Open,Yes,"Sunday evening, Saturday morning",Yes,Yes,Excited to collaborate and learn from RVA musicians. Fictional response 014.,15,eligible,none,newer
3/1/27 9:14,Opal,Ashby,participant015@jamstock.test,Yes (or I will be by the date of the event on 1/1/2027),Yes,Intermediate - I can write some decent songs.,Vocals,"Violin, DJ controller","Live performance, Beat making","Experimental, R&B",Yes,Portable recorder,,No,performer,No,Yes,Yes,Somewhat open,Yes,"Friday evening, Saturday afternoon",Yes,Yes,Excited to collaborate and learn from RVA musicians. Fictional response 015.,16,eligible,none,producer-only
3/1/27 9:15,Parker,Ashby,participant016@jamstock.test,Yes (or I will be by the date of the event on 1/1/2027),Yes,Advanced - I am very good at my primary instrument.,Saxophone,"Trumpet, Cello","Arranging, Sight reading","Rock, Hip-hop",No,DI box,,No,performer,No,Yes,Yes,Very open,Yes,"Saturday morning, Saturday evening",Yes,Yes,Excited to collaborate and learn from RVA musicians. Fictional response 016.,17,eligible,none,mentor
3/1/27 9:16,Quincy,Ashby,participant017@jamstock.test,Yes (or I will be by the date of the event on 1/1/2027),Yes,None - I can clap my hands and hum a catchy tune.,"Violin, Vocals","DJ controller, Guitar","Songwriting, Recording","Indie, Pop",Yes,Microphone,Microphone,No,performer,No,Yes,Yes,Open,Yes,"Saturday afternoon, Sunday morning",Yes,Yes,Excited to collaborate and learn from RVA musicians. Fictional response 017.,18,eligible,none,multi-instrumentalist
3/1/27 9:17,Remy,Ashby,participant018@jamstock.test,Yes (or I will be by the date of the event on 1/1/2027),Yes,Beginner - I know the fundamentals of my instrument.,Trumpet,"Cello, Bass","Improvisation, Harmony","R&B, Jazz",Yes,Small keyboard,,No,performer,No,Yes,Yes,Somewhat open,Yes,"Saturday evening, Sunday afternoon",Yes,Yes,Excited to collaborate and learn from RVA musicians. Fictional response 018.,19,eligible,none,newer
3/1/27 9:18,Sage,Ashby,participant019@jamstock.test,Yes (or I will be by the date of the event on 1/1/2027),Yes,Intermediate - I can write some decent songs.,DJ controller,"Guitar, Drums","Live performance, Beat making","Hip-hop, Funk",No,Guitar amp,,No,performer,No,Yes,Yes,Very open,Yes,"Sunday morning, Sunday evening",Yes,Yes,Excited to collaborate and learn from RVA musicians. Fictional response 019.,20,eligible,none,newer
3/1/27 9:19,Tobin,Ashby,participant020@jamstock.test,Yes (or I will be by the date of the event on 1/1/2027),Yes,Advanced - I am very good at my primary instrument.,Cello,"Bass, Keyboard","Arranging, Sight reading","Pop, Soul",Yes,Portable recorder,,No,performer,No,Yes,Yes,Open,Yes,"Sunday afternoon, Friday evening",Yes,Yes,Excited to collaborate and learn from RVA musicians. Fictional response 020.,21,eligible,none,newer
3/1/27 9:20,Uma,Ashby,participant021@jamstock.test,Yes (or I will be by the date of the event on 1/1/2027),Yes,None - I can clap my hands and hum a catchy tune.,"Guitar, Vocals","Drums, Vocals","Songwriting, Recording","Jazz, Electronic",Yes,DI box,DI box,Yes,performer and producer,Yes,Yes,Yes,Somewhat open,Yes,"Sunday evening, Saturday morning",Yes,Yes,Excited to collaborate and learn from RVA musicians. Fictional response 021.,22,eligible,none,performer-producer
3/1/27 9:21,Vale,Ashby,participant022@jamstock.test,Yes (or I will be by the date of the event on 1/1/2027),Yes,Beginner - I know the fundamentals of my instrument.,Bass,"Keyboard, Saxophone","Improvisation, Harmony","Funk, Folk",No,Microphone,,No,performer,No,Yes,Yes,Very open,Yes,"Friday evening, Saturday afternoon",Yes,Yes,Excited to collaborate and learn from RVA musicians. Fictional response 022.,23,eligible,none,producer-only
3/1/27 9:22,Wren,Ashby,participant023@jamstock.test,Yes (or I will be by the date of the event on 1/1/2027),Yes,Intermediate - I can write some decent songs.,Drums,"Vocals, Violin","Live performance, Beat making","Soul, Country",Yes,Small keyboard,,No,performer,No,Yes,Yes,Open,Yes,"Saturday morning, Saturday evening",Yes,Yes,Excited to collaborate and learn from RVA musicians. Fictional response 023.,24,eligible,none,newer
3/1/27 9:23,Xena,Ashby,participant024@jamstock.test,Yes (or I will be by the date of the event on 1/1/2027),Yes,Advanced - I am very good at my primary instrument.,Keyboard,"Saxophone, Trumpet","Arranging, Sight reading","Electronic, Alternative",Yes,Guitar amp,,No,performer,No,Yes,Yes,Somewhat open,Yes,"Saturday afternoon, Sunday morning",Yes,Yes,Excited to collaborate and learn from RVA musicians. Fictional response 024.,25,eligible,none,newer
3/1/27 9:24,Yara,Ashby,participant025@jamstock.test,Yes (or I will be by the date of the event on 1/1/2027),Yes,None - I can clap my hands and hum a catchy tune.,"Keyboard, Vocals","Violin, DJ controller","Songwriting, Recording","Folk, Gospel",No,Portable recorder,Portable recorder,No,performer,No,Yes,Yes,Very open,Yes,"Saturday evening, Sunday afternoon",Yes,Yes,Excited to collaborate and learn from RVA musicians. Fictional response 025.,26,eligible,none,multi-instrumentalist
3/1/27 9:25,Zane,Ashby,participant026@jamstock.test,Yes (or I will be by the date of the event on 1/1/2027),Yes,Beginner - I know the fundamentals of my instrument.,Saxophone,"Trumpet, Cello","Improvisation, Harmony","Country, Classical",Yes,DI box,,No,performer,No,Yes,Yes,Open,Yes,"Sunday morning, Sunday evening",Yes,Yes,Excited to collaborate and learn from RVA musicians. Fictional response 026.,27,eligible,none,mentor
3/1/27 9:26,Ainsley,Ashby,participant027@jamstock.test,Yes (or I will be by the date of the event on 1/1/2027),Yes,Intermediate - I can write some decent songs.,Violin,"DJ controller, Guitar","Live performance, Beat making","Alternative, Experimental",Yes,Microphone,,No,performer,No,Yes,Yes,Somewhat open,Yes,"Sunday afternoon, Friday evening",Yes,Yes,Excited to collaborate and learn from RVA musicians. Fictional response 027.,28,eligible,none,newer
3/1/27 9:27,Bellamy,Ashby,participant028@jamstock.test,Yes (or I will be by the date of the event on 1/1/2027),Yes,Advanced - I am very good at my primary instrument.,Trumpet,"Cello, Bass","Arranging, Sight reading","Gospel, Rock",No,Small keyboard,,No,performer,No,Yes,Yes,Very open,Yes,"Sunday evening, Saturday morning",Yes,Yes,Excited to collaborate and learn from RVA musicians. Fictional response 028.,29,eligible,none,newer
3/1/27 9:28,Cedar,Ashby,participant029@jamstock.test,Yes (or I will be by the date of the event on 1/1/2027),Yes,None - I can clap my hands and hum a catchy tune.,"Bass, Guitar","Guitar, Drums","Songwriting, Recording","Classical, Indie",Yes,Guitar amp,Guitar amp,No,performer,No,Yes,Yes,Open,Yes,"Friday evening, Saturday afternoon",Yes,Yes,Excited to collaborate and learn from RVA musicians. Fictional response 029.,30,eligible,none,producer-only
3/1/27 9:29,Delaney,Ashby,participant030@jamstock.test,Yes (or I will be by the date of the event on 1/1/2027),Yes,Beginner - I know the fundamentals of my instrument.,Cello,"Bass, Keyboard","Improvisation, Harmony","Experimental, R&B",Yes,Portable recorder,,No,performer,No,Yes,Yes,Somewhat open,Yes,"Saturday morning, Saturday evening",Yes,Yes,Excited to collaborate and learn from RVA musicians. Fictional response 030.,31,eligible,none,newer
3/1/27 9:30,Arden,Bexley,participant031@jamstock.test,Yes (or I will be by the date of the event on 1/1/2027),Yes,Intermediate - I can write some decent songs.,Guitar,"Drums, Vocals","Live performance, Beat making","Rock, Hip-hop",No,DI box,,Yes,performer and producer,Yes,Yes,Yes,Very open,Yes,"Saturday afternoon, Sunday morning",Yes,Yes,Excited to collaborate and learn from RVA musicians. Fictional response 031.,32,eligible,none,performer-producer
3/1/27 9:31,Briar,Bexley,participant032@jamstock.test,Yes (or I will be by the date of the event on 1/1/2027),Yes,Advanced - I am very good at my primary instrument.,Bass,"Keyboard, Saxophone","Arranging, Sight reading","Indie, Pop",Yes,Microphone,,No,performer,No,Yes,Yes,Open,Yes,"Saturday evening, Sunday afternoon",Yes,Yes,Excited to collaborate and learn from RVA musicians. Fictional response 032.,33,eligible,none,newer
3/1/27 9:32,Calla,Bexley,participant033@jamstock.test,Yes (or I will be by the date of the event on 1/1/2027),Yes,None - I can clap my hands and hum a catchy tune.,"Drums, DJ controller","Vocals, Violin","Songwriting, Recording","R&B, Jazz",Yes,Small keyboard,Small keyboard,No,performer,No,Yes,Yes,Somewhat open,Yes,"Sunday morning, Sunday evening",Yes,Yes,Excited to collaborate and learn from RVA musicians. Fictional response 033.,34,eligible,none,multi-instrumentalist
3/1/27 9:33,Dorian,Bexley,participant034@jamstock.test,Yes (or I will be by the date of the event on 1/1/2027),Yes,Beginner - I know the fundamentals of my instrument.,Keyboard,"Saxophone, Trumpet","Improvisation, Harmony","Hip-hop, Funk",No,Guitar amp,,No,performer,No,Yes,Yes,Very open,Yes,"Sunday afternoon, Friday evening",Yes,Yes,Excited to collaborate and learn from RVA musicians. Fictional response 034.,35,eligible,none,newer
3/1/27 9:34,Elara,Bexley,participant035@jamstock.test,Yes (or I will be by the date of the event on 1/1/2027),Yes,Intermediate - I can write some decent songs.,Vocals,"Violin, DJ controller","Live performance, Beat making","Pop, Soul",Yes,Portable recorder,,No,performer,No,Yes,Yes,Open,Yes,"Sunday evening, Saturday morning",Yes,Yes,Excited to collaborate and learn from RVA musicians. Fictional response 035.,36,eligible,none,newer
3/1/27 9:35,Finley,Bexley,participant036@jamstock.test,Yes (or I will be by the date of the event on 1/1/2027),Yes,Advanced - I am very good at my primary instrument.,Saxophone,"Trumpet, Cello","Arranging, Sight reading","Jazz, Electronic",Yes,DI box,,No,performer,No,Yes,Yes,Somewhat open,Yes,"Friday evening, Saturday afternoon",Yes,Yes,Excited to collaborate and learn from RVA musicians. Fictional response 036.,37,eligible,none,producer-only
3/1/27 9:36,Greer,Bexley,participant037@jamstock.test,Yes (or I will be by the date of the event on 1/1/2027),Yes,None - I can clap my hands and hum a catchy tune.,"Violin, Vocals","DJ controller, Guitar","Songwriting, Recording","Funk, Folk",No,Microphone,Microphone,No,performer,No,Yes,Yes,Very open,Yes,"Saturday morning, Saturday evening",Yes,Yes,Excited to collaborate and learn from RVA musicians. Fictional response 037.,38,eligible,none,multi-instrumentalist
3/1/27 9:37,Hollis,Bexley,participant038@jamstock.test,Yes (or I will be by the date of the event on 1/1/2027),Yes,Beginner - I know the fundamentals of my instrument.,Trumpet,"Cello, Bass","Improvisation, Harmony","Soul, Country",Yes,Small keyboard,,No,performer,No,Yes,Yes,Open,Yes,"Saturday afternoon, Sunday morning",Yes,Yes,Excited to collaborate and learn from RVA musicians. Fictional response 038.,39,eligible,none,newer
3/1/27 9:38,Indigo,Bexley,participant039@jamstock.test,Yes (or I will be by the date of the event on 1/1/2027),Yes,Intermediate - I can write some decent songs.,DJ controller,"Guitar, Drums","Live performance, Beat making","Electronic, Alternative",Yes,Guitar amp,,No,performer,No,Yes,Yes,Somewhat open,Yes,"Saturday evening, Sunday afternoon",Yes,Yes,Excited to collaborate and learn from RVA musicians. Fictional response 039.,40,eligible,none,newer
3/1/27 9:39,Jules,Bexley,participant040@jamstock.test,Yes (or I will be by the date of the event on 1/1/2027),Yes,Advanced - I am very good at my primary instrument.,Cello,"Bass, Keyboard","Arranging, Sight reading","Folk, Gospel",No,Portable recorder,,No,performer,No,Yes,Yes,Very open,Yes,"Sunday morning, Sunday evening",Yes,Yes,Excited to collaborate and learn from RVA musicians. Fictional response 040.,41,eligible,none,newer
3/1/27 9:40,Keaton,Bexley,participant041@jamstock.test,Yes (or I will be by the date of the event on 1/1/2027),Yes,None - I can clap my hands and hum a catchy tune.,"Guitar, Vocals","Drums, Vocals","Songwriting, Recording","Country, Classical",Yes,DI box,DI box,Yes,performer and producer,Yes,Yes,Yes,Open,Yes,"Sunday afternoon, Friday evening",Yes,Yes,Excited to collaborate and learn from RVA musicians. Fictional response 041.,42,eligible,none,performer-producer
3/1/27 9:41,Linden,Bexley,participant042@jamstock.test,Yes (or I will be by the date of the event on 1/1/2027),Yes,Beginner - I know the fundamentals of my instrument.,Bass,"Keyboard, Saxophone","Improvisation, Harmony","Alternative, Experimental",Yes,Microphone,,No,performer,No,Yes,Yes,Somewhat open,Yes,"Sunday evening, Saturday morning",Yes,Yes,Excited to collaborate and learn from RVA musicians. Fictional response 042.,43,eligible,none,newer
3/1/27 9:42,Maren,Bexley,participant043@jamstock.test,Yes (or I will be by the date of the event on 1/1/2027),Yes,Intermediate - I can write some decent songs.,Drums,"Vocals, Violin","Live performance, Beat making","Gospel, Rock",No,Small keyboard,,No,performer,No,Yes,Yes,Very open,Yes,"Friday evening, Saturday afternoon",Yes,Yes,Excited to collaborate and learn from RVA musicians. Fictional response 043.,44,eligible,none,producer-only
3/1/27 9:43,Nico,Bexley,participant044@jamstock.test,Yes (or I will be by the date of the event on 1/1/2027),Yes,Advanced - I am very good at my primary instrument.,Keyboard,"Saxophone, Trumpet","Arranging, Sight reading","Classical, Indie",Yes,Guitar amp,,No,performer,No,Yes,Yes,Open,Yes,"Saturday morning, Saturday evening",Yes,Yes,Excited to collaborate and learn from RVA musicians. Fictional response 044.,45,eligible,none,newer
3/1/27 9:44,Opal,Bexley,participant045@jamstock.test,Yes (or I will be by the date of the event on 1/1/2027),Yes,None - I can clap my hands and hum a catchy tune.,"Keyboard, Vocals","Violin, DJ controller","Songwriting, Recording","Experimental, R&B",Yes,Portable recorder,Portable recorder,No,performer,No,Yes,Yes,Somewhat open,Yes,"Saturday afternoon, Sunday morning",Yes,Yes,Excited to collaborate and learn from RVA musicians. Fictional response 045.,46,eligible,none,multi-instrumentalist
3/1/27 9:45,Parker,Bexley,participant046@jamstock.test,Yes (or I will be by the date of the event on 1/1/2027),Yes,Beginner - I know the fundamentals of my instrument.,Saxophone,"Trumpet, Cello","Improvisation, Harmony","Rock, Hip-hop",No,DI box,,No,performer,No,Yes,Yes,Very open,Yes,"Saturday evening, Sunday afternoon",Yes,Yes,Excited to collaborate and learn from RVA musicians. Fictional response 046.,47,eligible,none,mentor
3/1/27 9:46,Quincy,Bexley,participant047@jamstock.test,Yes (or I will be by the date of the event on 1/1/2027),Yes,Intermediate - I can write some decent songs.,Violin,"DJ controller, Guitar","Live performance, Beat making","Indie, Pop",Yes,Microphone,,No,performer,No,Yes,Yes,Open,Yes,"Sunday morning, Sunday evening",Yes,Yes,Excited to collaborate and learn from RVA musicians. Fictional response 047.,48,eligible,none,newer
3/1/27 9:47,Remy,Bexley,participant048@jamstock.test,Yes (or I will be by the date of the event on 1/1/2027),Yes,Advanced - I am very good at my primary instrument.,Trumpet,"Cello, Bass","Arranging, Sight reading","R&B, Jazz",Yes,Small keyboard,,No,performer,No,Yes,Yes,Somewhat open,Yes,"Sunday afternoon, Friday evening",Yes,Yes,Excited to collaborate and learn from RVA musicians. Fictional response 048.,49,eligible,none,newer
3/1/27 9:48,Sage,Bexley,participant049@jamstock.test,Yes (or I will be by the date of the event on 1/1/2027),Yes,None - I can clap my hands and hum a catchy tune.,"Bass, Guitar","Guitar, Drums","Songwriting, Recording","Hip-hop, Funk",No,Guitar amp,Guitar amp,No,performer,No,Yes,Yes,Very open,Yes,"Sunday evening, Saturday morning",Yes,Yes,Excited to collaborate and learn from RVA musicians. Fictional response 049.,50,eligible,none,multi-instrumentalist
3/1/27 9:49,Tobin,Bexley,participant050@jamstock.test,Yes (or I will be by the date of the event on 1/1/2027),Yes,Beginner - I know the fundamentals of my instrument.,Cello,"Bass, Keyboard","Improvisation, Harmony","Pop, Soul",Yes,Portable recorder,,No,performer,No,Yes,Yes,Open,Yes,"Friday evening, Saturday afternoon",Yes,Yes,Excited to collaborate and learn from RVA musicians. Fictional response 050.,51,eligible,none,producer-only
3/1/27 9:50,Uma,Bexley,participant051@jamstock.test,Yes (or I will be by the date of the event on 1/1/2027),Yes,Intermediate - I can write some decent songs.,Guitar,"Drums, Vocals","Live performance, Beat making","Jazz, Electronic",Yes,DI box,,Yes,performer and producer,Yes,Yes,Yes,Somewhat open,Yes,"Saturday morning, Saturday evening",Yes,Yes,Excited to collaborate and learn from RVA musicians. Fictional response 051.,52,eligible,none,performer-producer
3/1/27 9:51,Vale,Bexley,participant052@jamstock.test,Yes (or I will be by the date of the event on 1/1/2027),Yes,Advanced - I am very good at my primary instrument.,Bass,"Keyboard, Saxophone","Arranging, Sight reading","Funk, Folk",No,Microphone,,No,performer,No,Yes,Yes,Very open,Yes,"Saturday afternoon, Sunday morning",Yes,Yes,Excited to collaborate and learn from RVA musicians. Fictional response 052.,53,eligible,none,newer
3/1/27 9:52,Wren,Bexley,participant053@jamstock.test,Yes (or I will be by the date of the event on 1/1/2027),Yes,None - I can clap my hands and hum a catchy tune.,"Drums, DJ controller","Vocals, Violin","Songwriting, Recording","Soul, Country",Yes,Small keyboard,Small keyboard,No,performer,No,Yes,Yes,Open,Yes,"Saturday evening, Sunday afternoon",Yes,Yes,Excited to collaborate and learn from RVA musicians. Fictional response 053.,54,eligible,none,multi-instrumentalist
3/1/27 9:53,Xena,Bexley,participant054@jamstock.test,Yes (or I will be by the date of the event on 1/1/2027),Yes,Beginner - I know the fundamentals of my instrument.,Keyboard,"Saxophone, Trumpet","Improvisation, Harmony","Electronic, Alternative",Yes,Guitar amp,,No,performer,No,Yes,Yes,Somewhat open,Yes,"Sunday morning, Sunday evening",Yes,Yes,Excited to collaborate and learn from RVA musicians. Fictional response 054.,55,eligible,none,newer
3/1/27 9:54,Yara,Bexley,participant055@jamstock.test,Yes (or I will be by the date of the event on 1/1/2027),Yes,Intermediate - I can write some decent songs.,Vocals,"Violin, DJ controller","Live performance, Beat making","Folk, Gospel",No,Portable recorder,,No,performer,No,Yes,Yes,Very open,Yes,"Sunday afternoon, Friday evening",Yes,Yes,Excited to collaborate and learn from RVA musicians. Fictional response 055.,56,eligible,none,newer
3/1/27 9:55,Zane,Bexley,participant056@jamstock.test,Yes (or I will be by the date of the event on 1/1/2027),Yes,Advanced - I am very good at my primary instrument.,Saxophone,"Trumpet, Cello","Arranging, Sight reading","Country, Classical",Yes,DI box,,No,performer,No,Yes,Yes,Open,Yes,"Sunday evening, Saturday morning",Yes,Yes,Excited to collaborate and learn from RVA musicians. Fictional response 056.,57,eligible,none,mentor
3/1/27 9:56,Ainsley,Bexley,participant057@jamstock.test,Yes (or I will be by the date of the event on 1/1/2027),Yes,None - I can clap my hands and hum a catchy tune.,"Violin, Vocals","DJ controller, Guitar","Songwriting, Recording","Alternative, Experimental",Yes,Microphone,Microphone,No,performer,No,Yes,Yes,Somewhat open,Yes,"Friday evening, Saturday afternoon",Yes,Yes,Excited to collaborate and learn from RVA musicians. Fictional response 057.,58,eligible,none,producer-only
3/1/27 9:57,Bellamy,Bexley,participant058@jamstock.test,Yes (or I will be by the date of the event on 1/1/2027),Yes,Beginner - I know the fundamentals of my instrument.,Trumpet,"Cello, Bass","Improvisation, Harmony","Gospel, Rock",No,Small keyboard,,No,performer,No,Yes,Yes,Very open,Yes,"Saturday morning, Saturday evening",Yes,Yes,Excited to collaborate and learn from RVA musicians. Fictional response 058.,59,eligible,none,newer
3/1/27 9:58,Cedar,Bexley,participant059@jamstock.test,Yes (or I will be by the date of the event on 1/1/2027),Yes,Intermediate - I can write some decent songs.,DJ controller,"Guitar, Drums","Live performance, Beat making","Classical, Indie",Yes,Guitar amp,,No,performer,No,Yes,Yes,Open,Yes,"Saturday afternoon, Sunday morning",Yes,Yes,Excited to collaborate and learn from RVA musicians. Fictional response 059.,60,eligible,none,newer
3/1/27 9:59,Delaney,Bexley,participant060@jamstock.test,Yes (or I will be by the date of the event on 1/1/2027),Yes,Advanced - I am very good at my primary instrument.,Cello,"Bass, Keyboard","Arranging, Sight reading","Experimental, R&B",Yes,Portable recorder,,No,performer,No,Yes,Yes,Somewhat open,Yes,"Saturday evening, Sunday afternoon",Yes,Yes,Excited to collaborate and learn from RVA musicians. Fictional response 060.,61,eligible,none,newer
3/1/27 10:00,Arden,Caldwell,participant061@jamstock.test,Yes (or I will be by the date of the event on 1/1/2027),Yes,None - I can clap my hands and hum a catchy tune.,"Guitar, Vocals","Drums, Vocals","Songwriting, Recording","Rock, Hip-hop",No,DI box,DI box,Yes,performer and producer,Yes,Yes,Yes,Very open,Yes,"Sunday morning, Sunday evening",Yes,Yes,Excited to collaborate and learn from RVA musicians. Fictional response 061.,62,eligible,none,performer-producer
3/1/27 10:01,Briar,Caldwell,participant062@jamstock.test,Yes (or I will be by the date of the event on 1/1/2027),Yes,Beginner - I know the fundamentals of my instrument.,Bass,"Keyboard, Saxophone","Improvisation, Harmony","Indie, Pop",Yes,Microphone,,No,performer,No,Yes,Yes,Open,Yes,"Sunday afternoon, Friday evening",Yes,Yes,Excited to collaborate and learn from RVA musicians. Fictional response 062.,63,eligible,none,newer
3/1/27 10:02,Calla,Caldwell,participant063@jamstock.test,Yes (or I will be by the date of the event on 1/1/2027),Yes,Intermediate - I can write some decent songs.,Drums,"Vocals, Violin","Live performance, Beat making","R&B, Jazz",Yes,Small keyboard,,No,performer,No,Yes,Yes,Somewhat open,Yes,"Sunday evening, Saturday morning",Yes,Yes,Excited to collaborate and learn from RVA musicians. Fictional response 063.,64,eligible,none,newer
3/1/27 10:03,Dorian,Caldwell,participant064@jamstock.test,Yes (or I will be by the date of the event on 1/1/2027),Yes,Advanced - I am very good at my primary instrument.,Keyboard,"Saxophone, Trumpet","Arranging, Sight reading","Hip-hop, Funk",No,Guitar amp,,No,performer,No,Yes,Yes,Very open,Yes,"Friday evening, Saturday afternoon",Yes,Yes,Excited to collaborate and learn from RVA musicians. Fictional response 064.,65,eligible,none,producer-only
3/1/27 10:04,Elara,Caldwell,participant065@jamstock.test,Yes (or I will be by the date of the event on 1/1/2027),Yes,None - I can clap my hands and hum a catchy tune.,"Keyboard, Vocals","Violin, DJ controller","Songwriting, Recording","Pop, Soul",Yes,Portable recorder,Portable recorder,No,performer,No,Yes,Yes,Open,Yes,"Saturday morning, Saturday evening",Yes,Yes,Excited to collaborate and learn from RVA musicians. Fictional response 065.,66,eligible,none,multi-instrumentalist
3/1/27 10:05,Finley,Caldwell,participant066@jamstock.test,Yes (or I will be by the date of the event on 1/1/2027),Yes,Beginner - I know the fundamentals of my instrument.,Saxophone,"Trumpet, Cello","Improvisation, Harmony","Jazz, Electronic",Yes,DI box,,No,performer,No,Yes,Yes,Somewhat open,Yes,"Saturday afternoon, Sunday morning",Yes,Yes,Excited to collaborate and learn from RVA musicians. Fictional response 066.,67,eligible,none,mentor
3/1/27 10:06,Greer,Caldwell,participant067@jamstock.test,Yes (or I will be by the date of the event on 1/1/2027),Yes,Intermediate - I can write some decent songs.,Violin,"DJ controller, Guitar","Live performance, Beat making","Funk, Folk",No,Microphone,,No,performer,No,Yes,Yes,Very open,Yes,"Saturday evening, Sunday afternoon",Yes,Yes,Excited to collaborate and learn from RVA musicians. Fictional response 067.,68,eligible,none,newer
3/1/27 10:07,Hollis,Caldwell,participant068@jamstock.test,Yes (or I will be by the date of the event on 1/1/2027),Yes,Advanced - I am very good at my primary instrument.,Trumpet,"Cello, Bass","Arranging, Sight reading","Soul, Country",Yes,Small keyboard,,No,performer,No,Yes,Yes,Open,Yes,"Sunday morning, Sunday evening",Yes,Yes,Excited to collaborate and learn from RVA musicians. Fictional response 068.,69,eligible,none,newer
3/1/27 10:08,Indigo,Caldwell,participant069@jamstock.test,Yes (or I will be by the date of the event on 1/1/2027),Yes,None - I can clap my hands and hum a catchy tune.,"Bass, Guitar","Guitar, Drums","Songwriting, Recording","Electronic, Alternative",Yes,Guitar amp,Guitar amp,No,performer,No,Yes,Yes,Somewhat open,Yes,"Sunday afternoon, Friday evening",Yes,Yes,Excited to collaborate and learn from RVA musicians. Fictional response 069.,70,eligible,none,multi-instrumentalist
3/1/27 10:09,Jules,Caldwell,participant070@jamstock.test,Yes (or I will be by the date of the event on 1/1/2027),Yes,Beginner - I know the fundamentals of my instrument.,Cello,"Bass, Keyboard","Improvisation, Harmony","Folk, Gospel",No,Portable recorder,,No,performer,No,Yes,Yes,Very open,Yes,"Sunday evening, Saturday morning",Yes,Yes,Excited to collaborate and learn from RVA musicians. Fictional response 070.,71,eligible,none,newer
3/1/27 10:10,Keaton,Caldwell,participant071@jamstock.test,Yes (or I will be by the date of the event on 1/1/2027),Yes,Intermediate - I can write some decent songs.,Guitar,"Drums, Vocals","Live performance, Beat making","Country, Classical",Yes,DI box,,Yes,performer and producer,Yes,Yes,Yes,Open,Yes,"Friday evening, Saturday afternoon",Yes,Yes,Excited to collaborate and learn from RVA musicians. Fictional response 071.,72,eligible,none,performer-producer
3/1/27 10:11,Linden,Caldwell,participant072@jamstock.test,Yes (or I will be by the date of the event on 1/1/2027),Yes,Advanced - I am very good at my primary instrument.,Bass,"Keyboard, Saxophone","Arranging, Sight reading","Alternative, Experimental",Yes,Microphone,,No,performer,No,Yes,Yes,Somewhat open,Yes,"Saturday morning, Saturday evening",Yes,Yes,Excited to collaborate and learn from RVA musicians. Fictional response 072.,73,eligible,none,newer
3/1/27 10:12,Maren,Caldwell,participant073@jamstock.test,Yes (or I will be by the date of the event on 1/1/2027),Yes,None - I can clap my hands and hum a catchy tune.,"Drums, DJ controller","Vocals, Violin","Songwriting, Recording","Gospel, Rock",No,Small keyboard,Small keyboard,No,performer,No,Yes,Yes,Very open,Yes,"Saturday afternoon, Sunday morning",Yes,Yes,Excited to collaborate and learn from RVA musicians. Fictional response 073.,74,eligible,none,multi-instrumentalist
3/1/27 10:13,Nico,Caldwell,participant074@jamstock.test,Yes (or I will be by the date of the event on 1/1/2027),Yes,Beginner - I know the fundamentals of my instrument.,Keyboard,"Saxophone, Trumpet","Improvisation, Harmony","Classical, Indie",Yes,Guitar amp,,No,performer,No,Yes,Yes,Open,Yes,"Saturday evening, Sunday afternoon",Yes,Yes,Excited to collaborate and learn from RVA musicians. Fictional response 074.,75,eligible,none,newer
3/1/27 10:14,Opal,Caldwell,participant075@jamstock.test,Yes (or I will be by the date of the event on 1/1/2027),Yes,Intermediate - I can write some decent songs.,Vocals,"Violin, DJ controller","Live performance, Beat making","Experimental, R&B",Yes,Portable recorder,,No,performer,No,Yes,Yes,Somewhat open,Yes,"Sunday morning, Sunday evening",Yes,Yes,Excited to collaborate and learn from RVA musicians. Fictional response 075.,76,eligible,none,newer
3/1/27 10:15,Parker,Caldwell,participant076@jamstock.test,Yes (or I will be by the date of the event on 1/1/2027),Yes,Advanced - I am very good at my primary instrument.,Saxophone,"Trumpet, Cello","Arranging, Sight reading","Rock, Hip-hop",No,DI box,,No,performer,No,Yes,Yes,Very open,Yes,"Sunday afternoon, Friday evening",Yes,Yes,Excited to collaborate and learn from RVA musicians. Fictional response 076.,77,eligible,none,mentor
3/1/27 10:16,Quincy,Caldwell,participant077@jamstock.test,Yes (or I will be by the date of the event on 1/1/2027),Yes,None - I can clap my hands and hum a catchy tune.,"Violin, Vocals","DJ controller, Guitar","Songwriting, Recording","Indie, Pop",Yes,Microphone,Microphone,No,performer,No,Yes,Yes,Open,Yes,"Sunday evening, Saturday morning",Yes,Yes,Excited to collaborate and learn from RVA musicians. Fictional response 077.,78,eligible,none,multi-instrumentalist
3/1/27 10:17,Remy,Caldwell,participant078@jamstock.test,Yes (or I will be by the date of the event on 1/1/2027),Yes,Beginner - I know the fundamentals of my instrument.,Trumpet,"Cello, Bass","Improvisation, Harmony","R&B, Jazz",Yes,Small keyboard,,No,performer,No,Yes,Yes,Somewhat open,Yes,"Friday evening, Saturday afternoon",Yes,Yes,Excited to collaborate and learn from RVA musicians. Fictional response 078.,79,eligible,none,producer-only
3/1/27 10:18,Sage,Caldwell,participant079@jamstock.test,Yes (or I will be by the date of the event on 1/1/2027),Yes,Intermediate - I can write some decent songs.,DJ controller,"Guitar, Drums","Live performance, Beat making","Hip-hop, Funk",No,Guitar amp,,No,performer,No,Yes,Yes,Very open,Yes,"Saturday morning, Saturday evening",Yes,Yes,Excited to collaborate and learn from RVA musicians. Fictional response 079.,80,eligible,none,newer
3/1/27 10:19,Tobin,Caldwell,participant080@jamstock.test,Yes (or I will be by the date of the event on 1/1/2027),Yes,Advanced - I am very good at my primary instrument.,Cello,"Bass, Keyboard","Arranging, Sight reading","Pop, Soul",Yes,Portable recorder,,No,performer,No,Yes,Yes,Open,Yes,"Saturday afternoon, Sunday morning",Yes,Yes,Excited to collaborate and learn from RVA musicians. Fictional response 080.,81,eligible,none,newer
3/1/27 10:20,Uma,Caldwell,participant081@jamstock.test,Yes (or I will be by the date of the event on 1/1/2027),Yes,None - I can clap my hands and hum a catchy tune.,"Guitar, Vocals","Drums, Vocals","Songwriting, Recording","Jazz, Electronic",Yes,DI box,DI box,Yes,performer and producer,Yes,Yes,Yes,Somewhat open,Yes,"Saturday evening, Sunday afternoon",Yes,Yes,Excited to collaborate and learn from RVA musicians. Fictional response 081.,82,eligible,none,performer-producer
3/1/27 10:21,Vale,Caldwell,participant082@jamstock.test,Yes (or I will be by the date of the event on 1/1/2027),Yes,Beginner - I know the fundamentals of my instrument.,Bass,"Keyboard, Saxophone","Improvisation, Harmony","Funk, Folk",No,Microphone,,No,performer,No,Yes,Yes,Very open,Yes,"Sunday morning, Sunday evening",Yes,Yes,Excited to collaborate and learn from RVA musicians. Fictional response 082.,83,eligible,none,newer
3/1/27 10:22,Wren,Caldwell,participant083@jamstock.test,Yes (or I will be by the date of the event on 1/1/2027),Yes,Intermediate - I can write some decent songs.,Drums,"Vocals, Violin","Live performance, Beat making","Soul, Country",Yes,Small keyboard,,No,performer,No,Yes,Yes,Open,Yes,"Sunday afternoon, Friday evening",Yes,Yes,Excited to collaborate and learn from RVA musicians. Fictional response 083.,84,eligible,none,newer
3/1/27 10:23,Xena,Caldwell,participant084@jamstock.test,Yes (or I will be by the date of the event on 1/1/2027),Yes,Advanced - I am very good at my primary instrument.,Keyboard,"Saxophone, Trumpet","Arranging, Sight reading","Electronic, Alternative",Yes,Guitar amp,,No,performer,No,Yes,Yes,Somewhat open,Yes,"Sunday evening, Saturday morning",Yes,Yes,Excited to collaborate and learn from RVA musicians. Fictional response 084.,85,eligible,none,newer
3/1/27 10:24,Yara,Caldwell,participant085@jamstock.test,Yes (or I will be by the date of the event on 1/1/2027),Yes,None - I can clap my hands and hum a catchy tune.,"Keyboard, Vocals","Violin, DJ controller","Songwriting, Recording","Folk, Gospel",No,Portable recorder,Portable recorder,No,performer,No,Yes,Yes,Very open,Yes,"Friday evening, Saturday afternoon",Yes,Yes,Excited to collaborate and learn from RVA musicians. Fictional response 085.,86,eligible,none,producer-only
3/1/27 10:25,Zane,Caldwell,participant086@jamstock.test,Yes (or I will be by the date of the event on 1/1/2027),Yes,Beginner - I know the fundamentals of my instrument.,Saxophone,"Trumpet, Cello","Improvisation, Harmony","Country, Classical",Yes,DI box,,No,performer,No,Yes,Yes,Open,Yes,"Saturday morning, Saturday evening",Yes,Yes,Excited to collaborate and learn from RVA musicians. Fictional response 086.,87,eligible,none,mentor
3/1/27 10:26,Ainsley,Caldwell,participant087@jamstock.test,Yes (or I will be by the date of the event on 1/1/2027),Yes,Intermediate - I can write some decent songs.,Violin,"DJ controller, Guitar","Live performance, Beat making","Alternative, Experimental",Yes,Microphone,,No,performer,No,Yes,Yes,Somewhat open,Yes,"Saturday afternoon, Sunday morning",Yes,Yes,Excited to collaborate and learn from RVA musicians. Fictional response 087.,88,eligible,none,newer
3/1/27 10:27,Bellamy,Caldwell,participant088@jamstock.test,Yes (or I will be by the date of the event on 1/1/2027),Yes,Advanced - I am very good at my primary instrument.,Trumpet,"Cello, Bass","Arranging, Sight reading","Gospel, Rock",No,Small keyboard,,No,performer,No,Yes,Yes,Very open,Yes,"Saturday evening, Sunday afternoon",Yes,Yes,Excited to collaborate and learn from RVA musicians. Fictional response 088.,89,eligible,none,newer
3/1/27 10:28,Cedar,Caldwell,participant089@jamstock.test,Yes (or I will be by the date of the event on 1/1/2027),Yes,None - I can clap my hands and hum a catchy tune.,"Bass, Guitar","Guitar, Drums","Songwriting, Recording","Classical, Indie",Yes,Guitar amp,Guitar amp,No,performer,No,Yes,Yes,Open,Yes,"Sunday morning, Sunday evening",Yes,Yes,Excited to collaborate and learn from RVA musicians. Fictional response 089.,90,eligible,none,multi-instrumentalist
3/1/27 10:29,Delaney,Caldwell,participant090@jamstock.test,Yes (or I will be by the date of the event on 1/1/2027),Yes,Beginner - I know the fundamentals of my instrument.,Cello,"Bass, Keyboard","Improvisation, Harmony","Experimental, R&B",Yes,Portable recorder,,No,performer,No,Yes,Yes,Somewhat open,Yes,"Sunday afternoon, Friday evening",Yes,Yes,Excited to collaborate and learn from RVA musicians. Fictional response 090.,91,eligible,none,newer
3/1/27 10:30,Arden,Dunham,participant091@jamstock.test,Yes (or I will be by the date of the event on 1/1/2027),Yes,Intermediate - I can write some decent songs.,Guitar,"Drums, Vocals","Live performance, Beat making","Rock, Hip-hop",No,DI box,,Yes,performer and producer,Yes,Yes,Yes,Very open,Yes,"Sunday evening, Saturday morning",Yes,Yes,Excited to collaborate and learn from RVA musicians. Fictional response 091.,92,eligible,none,performer-producer
3/1/27 10:31,Briar,Dunham,participant092@jamstock.test,Yes (or I will be by the date of the event on 1/1/2027),Yes,Advanced - I am very good at my primary instrument.,Bass,"Keyboard, Saxophone","Arranging, Sight reading","Indie, Pop",Yes,Microphone,,No,performer,No,Yes,Yes,Open,Yes,"Friday evening, Saturday afternoon",Yes,Yes,Excited to collaborate and learn from RVA musicians. Fictional response 092.,93,eligible,none,producer-only
3/1/27 10:32,Calla,Dunham,participant093@jamstock.test,Yes (or I will be by the date of the event on 1/1/2027),Yes,None - I can clap my hands and hum a catchy tune.,"Drums, DJ controller","Vocals, Violin","Songwriting, Recording","R&B, Jazz",Yes,Small keyboard,Small keyboard,No,performer,No,Yes,Yes,Somewhat open,Yes,"Saturday morning, Saturday evening",Yes,Yes,Excited to collaborate and learn from RVA musicians. Fictional response 093.,94,eligible,none,multi-instrumentalist
3/1/27 10:33,Dorian,Dunham,participant094@jamstock.test,Yes (or I will be by the date of the event on 1/1/2027),Yes,Beginner - I know the fundamentals of my instrument.,Keyboard,"Saxophone, Trumpet","Improvisation, Harmony","Hip-hop, Funk",No,Guitar amp,,No,performer,No,Yes,Yes,Very open,Yes,"Saturday afternoon, Sunday morning",Yes,Yes,Excited to collaborate and learn from RVA musicians. Fictional response 094.,95,eligible,none,newer
3/1/27 10:34,Elara,Dunham,participant095@jamstock.test,Yes (or I will be by the date of the event on 1/1/2027),Yes,Intermediate - I can write some decent songs.,Vocals,"Violin, DJ controller","Live performance, Beat making","Pop, Soul",Yes,Portable recorder,,No,performer,No,Yes,Yes,Open,Yes,"Saturday evening, Sunday afternoon",Yes,Yes,Excited to collaborate and learn from RVA musicians. Fictional response 095.,96,eligible,none,newer
3/1/27 10:35,Finley,Dunham,participant096@jamstock.test,Yes (or I will be by the date of the event on 1/1/2027),Yes,Advanced - I am very good at my primary instrument.,Saxophone,"Trumpet, Cello","Arranging, Sight reading","Jazz, Electronic",Yes,DI box,,No,performer,No,Yes,Yes,Somewhat open,Yes,"Sunday morning, Sunday evening",Yes,Yes,Excited to collaborate and learn from RVA musicians. Fictional response 096.,97,eligible,none,mentor
3/1/27 10:36,Greer,Dunham,participant097@jamstock.test,Yes (or I will be by the date of the event on 1/1/2027),Yes,None - I can clap my hands and hum a catchy tune.,"Violin, Vocals","DJ controller, Guitar","Songwriting, Recording","Funk, Folk",No,Microphone,Microphone,No,performer,No,Yes,Yes,Very open,Yes,"Sunday afternoon, Friday evening",Yes,Yes,Excited to collaborate and learn from RVA musicians. Fictional response 097.,98,eligible,none,multi-instrumentalist
3/1/27 10:37,Hollis,Dunham,participant098@jamstock.test,Yes (or I will be by the date of the event on 1/1/2027),Yes,Beginner - I know the fundamentals of my instrument.,Trumpet,"Cello, Bass","Improvisation, Harmony","Soul, Country",Yes,Small keyboard,,No,performer,No,Yes,Yes,Open,Yes,"Sunday evening, Saturday morning",Yes,Yes,Excited to collaborate and learn from RVA musicians. Fictional response 098.,99,eligible,none,newer
3/1/27 10:38,Indigo,Dunham,participant099@jamstock.test,Yes (or I will be by the date of the event on 1/1/2027),Yes,Intermediate - I can write some decent songs.,DJ controller,"Guitar, Drums","Live performance, Beat making","Electronic, Alternative",Yes,Guitar amp,,No,performer,No,Yes,Yes,Somewhat open,Yes,"Friday evening, Saturday afternoon",Yes,Yes,Excited to collaborate and learn from RVA musicians. Fictional response 099.,100,eligible,none,producer-only
3/1/27 10:39,Jules,Dunham,participant100@jamstock.test,Yes (or I will be by the date of the event on 1/1/2027),Yes,Advanced - I am very good at my primary instrument.,Cello,"Bass, Keyboard","Arranging, Sight reading","Folk, Gospel",No,Portable recorder,,No,performer,No,Yes,Yes,Very open,Yes,"Saturday morning, Saturday evening",Yes,Yes,Excited to collaborate and learn from RVA musicians. Fictional response 100.,101,eligible,none,newer
3/1/27 10:40,Kai,Dunham,participant101@jamstock.test,Yes (or I will be by the date of the event on 1/1/2027),Yes,Advanced - I am very good at my primary instrument.,"Guitar, Keyboard, Vocals","Bass, Drums","Songwriting, Arrangement","Rock, Funk",Yes,Guitar amp,Guitar amp,No,performer,No,Yes,Yes,Very open,Yes,"Friday evening, Saturday afternoon, Sunday morning",Yes,Yes,Excited to collaborate and learn from RVA musicians. Fictional response 101.,102,eligible,none,multi-instrumentalist
3/1/27 10:40,Brian,Creech,brianiscool@email.com,Yes (or I will be by the date of the event on 1/1/2027),Yes,Advanced - I am very good at my primary instrument.,"Bass, Guitar, Keyboard","Cello, Bass","Songwriting, Arrangement","Rock, Funk",Yes,Guitar amp,Guitar amp,No,performer,No,Yes,Yes,Very open,Yes,"Friday evening, Saturday afternoon, Sunday morning",Yes,Yes,Excited to collaborate and learn from RVA musicians. Fictional response 101.,102,eligible,none,multi-instrumentalist
3/1/27 10:24,Craig,Martin,craigmartiniscool@email.com,Yes (or I will be by the date of the event on 1/1/2027),Yes,Advanced - I am very good at my primary instrument.,"Keyboard, Vocals, Trumpet","Violin, DJ controller","Songwriting, Recording","Folk, Gospel",No,Portable recorder,Portable recorder,No,performer,No,Yes,Yes,Very open,Yes,"Friday evening, Saturday afternoon",Yes,Yes,Excited to collaborate and learn from RVA musicians. Fictional response 085.,86,eligible,none,producer-only